PRODUCT,Country,TITLE,BSR,PRICE,Category,Date
B07V2242S,US,HOMFA Nightstand 2-Tier Tall 1-Drawer End Table Side Table File Cabinet Storage Table for Home Office Bedside Cabinets…,1,$64.99,NIGHT STANDS,2021-03-22 09:34
B08Z4B9MX,US,Winsome Eugene Accent Table 18.9 inches Espresso,2,$60.52,NIGHT STANDS,2021-03-22 09:34
B08FQPLWF,US,VASAGLE Nightstand End Table Side Table with Drawer and Shelf Bedroom Easy Assembly Steel Industrial Design…,3,$55.99,NIGHT STANDS,2021-03-22 09:34
B07NLJKZ7,US,Sorbus Nightstand with 2 Drawers - Bedside Furniture & Night Stand End Table Dresser for Home Bedroom Accessories…,4,$39.99,NIGHT STANDS,2021-03-22 09:34
B07Y1LJS7,US,SONGMICS Nightstand Industrial Bedside Table with 2 Fabric Drawers Storage Shelves Vertical Dresser Storage Tower…,5,$44.99,NIGHT STANDS,2021-03-22 09:34
B08PDPY5F,US,Sorbus Dresser with 5 Drawers - Bedside Furniture & Night Stand End Table Dresser for Home Bedroom Accessories Office…,6,$59.99,NIGHT STANDS,2021-03-22 09:34
B078SFKVM,US,Bedside Shelf for Bed – College Dorm Room Clip On Nightstand with Cup Holder & Cord Holder - Nightstand for Students…,7,$21.99,NIGHT STANDS,2021-03-22 09:34
B07NLK6PL,US,Sorbus Nightstand with 3 Drawers - Bedside Furniture & Accent End Table Storage Tower for Home Bedroom Accessories…,8,$43.99,NIGHT STANDS,2021-03-22 09:34
B08FX2FXR,US,VASAGLE VINCYER Nightstand End Table Side Table Tall Night Table with Drawer and Storage Shelf Industrial Rustic…,9,$63.99,NIGHT STANDS,2021-03-22 09:34
B0018SSCZ,US,Prepac Sonoma Tall 2-Drawer Nightstand Black,10,$112.99,NIGHT STANDS,2021-03-22 09:34
B07CRNS55,US,BedShelfie The Original Bedside Shelf for Bed and Bunk Bed Shelf 4 Colors / 4 Styles As Seen On Business Insider and…,11,$29.99,NIGHT STANDS,2021-03-22 09:34
B07W6TP2D,US,Bonnlo Set of 2 End Table Side Table Nightstand with Drawer and Shelf,12,$103.98,NIGHT STANDS,2021-03-22 09:34
B08F54186,US,Kamiler Rustic Nightstand DresserStorage Shelf3 Drawers Closet OrganizerRemovable Fabric Bins for Bedroom Hallway…,13,$89.99,NIGHT STANDS,2021-03-22 09:34
B08PKD8SG,US,SIDUCAL Functional Bedside Table Adjustable & Swiel Wooden Nightstand with Drawers Rolling Laptop Desk Computer Table…,14,$119.99,NIGHT STANDS,2021-03-22 09:34
B08MWLSZ5,US,Little Seeds Monarch Hill Poppy Kids’ White Peach and Taupe Drawers Desk Pink,15,$53.94,NIGHT STANDS,2021-03-22 09:34
B08FWQC97,US,VASAGLE VINCYER Nightstand End Table Side Table Tall Night Table with a Drawer and 2 Storage Shelves Space Saving…,16,$61.99,NIGHT STANDS,2021-03-22 09:34
B07Y1MGSB,US,SONGMICS Nightstand 3-Tier Bedside Table with Drawer 2 Shelves Fabric Drawer Dresser Industrial End Table for…,17,$42.99,NIGHT STANDS,2021-03-22 09:34
B089JWYZY,US,Kamiler Industrial Nightstand with Drawer -End TableSide TableTelephone Sofa Table Rustic Furniture Metal Frame for…,18,$52.99,NIGHT STANDS,2021-03-22 09:34
B08P2RF9L,US,YOURLITE Nightstand Set of 2Side Table End Table Bamboo Bedside Table with Open Compartment Storage Drawer 2-Pack for…,19,$56.90,NIGHT STANDS,2021-03-22 09:34
B08RHLW75,US,Sorbus Dresser Nightstand with 4 Drawers - Bedside Furniture & Accent End Table Chest for Home Bedroom Accessories…,20,$49.99,NIGHT STANDS,2021-03-22 09:34
B08R41GYY,US,Sorbus Nightstand with 2 Drawers - Bedside Furniture & Accent End Table Chest for Home Bedroom Accessories Office…,21,$39.99,NIGHT STANDS,2021-03-22 09:34
B07NLLCF9,US,Sorbus Nightstand 1-Drawer Shelf Storage- Bedside Furniture & Accent End Table Chest for Home Bedroom Office College…,22,$39.99,NIGHT STANDS,2021-03-22 09:34
B07JFK83K,US,Sorbus Nightstand 2-Drawer Shelf Storage - Bedside Furniture & Accent End Table Chest for Home Bedroom Office College…,23,$43.99,NIGHT STANDS,2021-03-22 09:34
B08R7VG5B,US,Sorbus Nightstand with 2 Drawers - Bedside Furniture & Night Stand End Table Dresser for Home Bedroom Accessories…,24,$38.99,NIGHT STANDS,2021-03-22 09:34
B083J4QF7,US,SONGMICS Rustic Nightstand Industrial Bedside Table with Drawer 2 Shelves Fabric Drawer Dresser End Table with…,25,$45.99,NIGHT STANDS,2021-03-22 09:34
B076PQWFK,US,SONGMICS White Nightstand End Table with Storage Cabinet and Drawer Wooden Bedside Table Large Capacity Easy to…,26,$69.99,NIGHT STANDS,2021-03-22 09:34
B01KUTJCT,US,Prepac Sonoma Nightstand Tall 1-Drawer Black,27,$85.45,NIGHT STANDS,2021-03-22 09:34
B08SSLR9S,US,Ashley Furniture Signature Design - Willowton Nightstand - Rustic Farmhouse Style - White Wash (Pack of 2),28,$167.99,NIGHT STANDS,2021-03-22 09:34
B07P9XHW1,US,VASAGLE Industrial Side Table 2-Tier Nightstand with Mesh Shelf End Table for Small Spaces Sturdy and Easy Assembly…,29,$48.99,NIGHT STANDS,2021-03-22 09:34
B07TRNLJ8,US,Sorbus Nightstand with 3 Drawers - Bedside Furniture & Accent End Table Chest for Home Bedroom Accessories Office…,30,$42.99,NIGHT STANDS,2021-03-22 09:34
B07NCLKXH,US,Bedroom Bedside Furniture Nightstand Set of 2 End Table Shelf Drawer Black,31,$87.50,NIGHT STANDS,2021-03-22 09:34
B087TYXRS,US,Amada Bamboo Bedside Shelf Easy Assemble Organizer for Bunk Beds and Dormitory Beds with Cup Holder & Cable Management…,32,$21.99,NIGHT STANDS,2021-03-22 09:34
B08PKPVN8,US,HOOBRO Nightstand Set of 2 Shutter End Table with Switchable Door and Inner Storage Square Side Table Wood Accent…,33,$130.99,NIGHT STANDS,2021-03-22 09:34
B07QL9XKT,US,South Shore Tassio 1-Drawer Nightstand-Weathered Oak,34,$83.07,NIGHT STANDS,2021-03-22 09:34
B08HGSR8M,US,Sorbus Nightstand with 4 Drawers - Bedside Furniture & Night Stand End Table Dresser for Home Bedroom Accessories…,35,$49.99,NIGHT STANDS,2021-03-22 09:34
B08R4321C,US,Sorbus Nightstand with 3 Drawers - Bedside Furniture & Accent End Table Chest for Home Bedroom Accessories Office…,36,$43.99,NIGHT STANDS,2021-03-22 09:34
B08CBYKCF,US,HOOBRO Nightstand Set of 2 3-Tier End Table with Switchable Door Side Table for Small Spaces Stable Wooden Legs Wood…,37,$129.99,NIGHT STANDS,2021-03-22 09:34
B086XHW69,US,South Shore Furniture Sazena Floating Nightstand Gray Oak,38,$59.99,NIGHT STANDS,2021-03-22 09:34
B07JDKNLK,US,FURINNO Andrey 2-Pack Bin Drawer End Table Nightstand Americano/Medium Brown,39,$53.19,NIGHT STANDS,2021-03-22 09:34
B08HJRM8B,US,Sorbus Nightstand with 7 Drawers - Bedside Furniture & Accent End Table Chest for Home Bedroom Accessories Office…,40,$59.99,NIGHT STANDS,2021-03-22 09:34
B00IBEEXD,US,Tvilum Portland 1 Drawer Nightstand Brown,41,$39.95,NIGHT STANDS,2021-03-22 09:34
B08ZDV7D2,US,Winsome Daniel Night Stand Black,42,$70.11,NIGHT STANDS,2021-03-22 09:34
B071G2R5N,US,Homfa Bamboo Night Stand End Table with Drawer and Storage Shelf Multipurpose Home Furniture Dark Brown,43,$44.99,NIGHT STANDS,2021-03-22 09:34
B086KVDTP,US,HOOBRO Nightstand 2-Tier End Table Industrial Side Table with Drawer and Storage Shelf Wood Accent Table with Metal…,44,$65.99,NIGHT STANDS,2021-03-22 09:34
B07WS2QN7,US,Jerry & Maggie - Magic Cube Nightstands Japanese Tatami Classic Modern Fashion Style - 2 Tier Rectangle Hallow Design…,45,$49.99,NIGHT STANDS,2021-03-22 09:34
B08Q8DBX7,US,Giantex Wooden Nightstand 3-Tier Modern Bedside Table with 1 Drawer and 2 Storage Baskets Sofa Storage Organizer for…,46,$74.99,NIGHT STANDS,2021-03-22 09:34
B07MNDMBK,US,Nathan James Ellipse Multipurpose Storage Cabinet with Display Shelves and Doors Entryway Modern Buffet or Kitchen…,47,$181.30,NIGHT STANDS,2021-03-22 09:34
B07HG5W57,US,FURINNO Dario End Table/Night Stand Storage Shelf 1-Pack Americano/Medium Brown,48,$31.72,NIGHT STANDS,2021-03-22 09:34
B089PWML1,US,ADORNEVE Black Nightstand with USB Port for Bedroom End Table Side Table Wooden Sofa Side Storage Stand Cabinetwith…,49,$62.99,NIGHT STANDS,2021-03-22 09:34
B07RF9XDH,US,Prepac Milo Mid Century Modern Nightstand 2-Drawer with Open Shelf Black,50,$156.16,NIGHT STANDS,2021-03-22 09:34
B088D25H3,US,VASAGLE Nightstand with Storage Bedside Table with Door End Table Steel Frame Adjustable Shelf Industrial Style…,51,$69.99,NIGHT STANDS,2021-03-22 09:34
B01FJCF1B,US,Prepac Yaletown 1 Drawer Tall Nightstand Espresso,52,$134.98,NIGHT STANDS,2021-03-22 09:34
B08BC9R5D,US,TAOHFE White Nightstand Small Nightstands with 2 Drawer Side Table for Bedroom Set of 2,53,$179.99,NIGHT STANDS,2021-03-22 09:34
B07MJBLJM,US,HOMFA Night Stand End Table Wooden Bedside Table with Drawer and Storage Shelf Multifunctional Antique Home Furniture…,54,$55.99,NIGHT STANDS,2021-03-22 09:34
B00U9QZIP,US,Sauder Cannery Bridge Night Stand Lintel Oak finish,55,$148.00,NIGHT STANDS,2021-03-22 09:34
B08XGYQNX,US,Sorbus Nightstand with 3 Drawers - Bedside Furniture & Accent End Table Chest for Home Bedroom Accessories Office…,56,$39.99,NIGHT STANDS,2021-03-22 09:34
B08XFTNFC,US,Sorbus Nightstand with 2 Drawers - Dresser Storage Tower Unit Organizer for Bedroom Hallway Closet College Dorm…,57,$36.99,NIGHT STANDS,2021-03-22 09:34
B07V3JJCT,US,IWELL Mid-Century Nightstand Set of 2 End Table with Drawer Wood Bedside Table Side Table for Bedroom Rustic Brown,58,$94.99,NIGHT STANDS,2021-03-22 09:34
B08GJKTMN,US,VINGLI Mirrored Nightstand with 3 Drawers Modern End Table Bed Side Table with Mirrored Finish 17.72-inch W x 13.78…,59,$165.99,NIGHT STANDS,2021-03-22 09:34
B06XRYD9S,US,Tvilum Scottsdale 2 Drawer Nightstand Truffle,60,$67.44,NIGHT STANDS,2021-03-22 09:34
B08SQRT86,US,Nightstand with DrawersBedside Table with DrawerBedside CupboardBedside CabinetsSmall Spaces Side End Table (White…,61,$45.00,NIGHT STANDS,2021-03-22 09:34
B08QCMTQW,US,YAHEETECH 2PCS Mid Century Sofa Side End Table with Storage Drawer and Wood Legs for Living Room Narrow Space,62,,NIGHT STANDS,2021-03-22 09:34
B07PY8XFF,US,Amazon Basics Classic Wood Nightstand End Table with Cabinet - Cappuccino,63,$69.84,NIGHT STANDS,2021-03-22 09:34
B084XSYWN,US,Tvilum 2 Drawer Nightstand Black Matte,64,$52.21,NIGHT STANDS,2021-03-22 09:34
B088D2DHY,US,VASAGLE Nightstand Side Table with Drawer Shutter Door End Table with Adjustable Shelf Metal Frame Industrial Style…,65,$82.99,NIGHT STANDS,2021-03-22 09:34
B08YK1754,US,HALLOLURE Nightstand Modern Design LED Nightstand End Table Tall 2-Drawer High Gloss Shelf Bedside Stand Storage Side…,66,,NIGHT STANDS,2021-03-22 09:34
B019C4PPT,US,Casual Home Night Owl Nightstand with USB Ports-Espresso,67,$76.18,NIGHT STANDS,2021-03-22 09:34
B01MDRTA9,US,Alpine Furniture Flynn Mid Century Modern 2 Drawer Nightstand 18" W x 15" D x 26" H Acorn,68,$152.02,NIGHT STANDS,2021-03-22 09:34
B07V2B5B7,US,Manhattan Comfort Rockefeller Mid-Century Modern 1 Drawer Bedroom Nightstand 20.08" Black,69,$103.16,NIGHT STANDS,2021-03-22 09:34
B07N28F4B,US,Walker Edison 3 Drawer Mid Century Modern Wood Dresser Bedroom Storage Caramel,70,$170.19,NIGHT STANDS,2021-03-22 09:34
B07WYMJ4H,US,VASAGLE Nightstand End Table with Drawer Open Compartment and Pinewood Legs Bedside Table for Bedroom 19.7 x 15.7 x…,71,$59.99,NIGHT STANDS,2021-03-22 09:34
B08H8P5N5,US,Sorbus Nightstand with 4 Drawers - Bedside Furniture & Night Stand End Table Dresser for Home Bedroom Accessories…,72,$49.99,NIGHT STANDS,2021-03-22 09:34
B08XW8NBD,US,Sorbus Nightstand 1-Drawer Shelf Storage- Bedside Furniture & Accent End Table Chest for Home Bedroom Office College…,73,$36.99,NIGHT STANDS,2021-03-22 09:34
B06XG5WP7,US,Ashley Furniture Signature Design - Trinell Nightstand - Brown,74,$139.99,NIGHT STANDS,2021-03-22 09:34
B0847L65C,US,Giantex Nightstand W/ 3 Drawers Large Storage Space Solid Structure and Stable Frame Elegant Appearance Suitable for…,75,$119.99,NIGHT STANDS,2021-03-22 09:34
B07VZD3H2,US,YAHEETECH White Wood Nightstand 3 Drawers Bedside Table Cabinet with Solid Wood Legs Bedroom Furniture,76,,NIGHT STANDS,2021-03-22 09:34
B07ZHX7F4,US,Max & Lily Nightstand with Drawer and Shelf Blue,77,$109.47,NIGHT STANDS,2021-03-22 09:34
B08737SGM,US,KINGSO Nightstands Side End Tables with Drawer and Storage Shelf 2 Tier Bedside Table Night Stand for Small Spaces…,78,$38.99,NIGHT STANDS,2021-03-22 09:34
B08LZ39QZ,US,VASAGLE Lowell Narrow Side Table Nightstand with Drawer Shutter Door End Table for Small Spaces Bedroom Industrial…,79,$82.99,NIGHT STANDS,2021-03-22 09:34
B086HNGLF,US,HOOBRO Nightstand Shutter End Table with Switchable Door and Inner Storage Square Side Table Wood Accent Industrial…,80,$69.99,NIGHT STANDS,2021-03-22 09:34
B08CTQ29Y,US,VASAGLE VINCYER Nightstand Bedside Table with 1 Drawer 1 Open Compartment Side Table Steel Frame 17.7 x 17.7 x 21…,81,$69.99,NIGHT STANDS,2021-03-22 09:34
B084KV173,US,Tvilum 1 Drawer Nightstand Oak Structure/White,82,$37.60,NIGHT STANDS,2021-03-22 09:34
B08PP7F3F,US,YAHEETECH Nightstands Bedside Table with Storage Cabinet and Drawer Height Adjustable Shelf Black,83,,NIGHT STANDS,2021-03-22 09:34
B085DN482,US,Walker Edison Country 1-Drawer Nightstand 18 Inch Grey Wash,84,$104.45,NIGHT STANDS,2021-03-22 09:34
B086HCSWQ,US,COZAYH Modern Minimalism Nightstand End Table Side Table with Woven Pattern Drawer and Shelf Storage Rustic Farmhouse…,85,$99.99,NIGHT STANDS,2021-03-22 09:34
B07NZ9H3W,US,HOMFA Nightstand 2-Tier End Table Side Table with Drawer Shelf Dresser Storage Organizer and Open Shelf Accent Table…,86,$59.99,NIGHT STANDS,2021-03-22 09:34
B07JNNWCP,US,Prepac Astrid 2-Drawer Nightstand Black,87,$84.99,NIGHT STANDS,2021-03-22 09:34
B0869HJVJ,US,TiTa-Dong Black Nightstand with 2 DrawerCountry Style Side End Wood Bedside Tables with Large Size Storage Drawer,88,$119.99,NIGHT STANDS,2021-03-22 09:34
B07XL5PHR,US,Sorbus Nightstand with Drawers - Bedside Furniture & Night Stand End Table Dresser for Home Bedroom Accessories Office…,89,$61.99,NIGHT STANDS,2021-03-22 09:34
B01F8T7PI,US,Ashley Furniture Signature Design - Juararo Nightstand - 2 Drawer - Rectangular - Dark Brown,90,$145.98,NIGHT STANDS,2021-03-22 09:34
B07H351QR,US,Walker Edison Traditional Wood 1 Nightstand Side Bedroom Storage Drawer and Shelf Bedside End Table Caramel,91,$79.69,NIGHT STANDS,2021-03-22 09:34
B005MUVAR,US,Ashley Furniture Signature Design - Braflin Nightstand - 2 Dovetail Drawers - Contemporary - Medium Brown,92,$206.44,NIGHT STANDS,2021-03-22 09:34
B08CSRJR9,US,TUSY Black Nightstand with Drawers End Table Bedroom Side Tables Bedside Cabinets File Cabinet Storage with Sliding…,93,$62.99,NIGHT STANDS,2021-03-22 09:34
B07RKLVY5,US,Prepac Milo Mid Century Modern Nightstand 2-Drawer Black,94,$149.00,NIGHT STANDS,2021-03-22 09:34
B0018SSCP,US,Prepac Black Sonoma 2 Drawer Nightstand,95,$89.92,NIGHT STANDS,2021-03-22 09:34
B08SMK177,US,Nightstand with Two Storage Drawer Large Size Wooden Bedside 2-Tier End Table Accent Table Modern Country Home…,96,$55.99,NIGHT STANDS,2021-03-22 09:34
B08ZM4YL4,US,Signature Design by Ashley Shawnalore Rustic End Table Whitewash Wood (#.Set of 1),97,$174.99,NIGHT STANDS,2021-03-22 09:34
B005S4LVT,US,Acme Louis Philippe III Nightstand Cherry Finish,98,$106.82,NIGHT STANDS,2021-03-22 09:34
B00IDUTWO,US,Set of 2 Carved Wood Shabby White Nightstands,99,$135.95,NIGHT STANDS,2021-03-22 09:34
B07CM8JFG,US,Glory Furniture Hammond Fully Assembled Beige – Top Quality Wood 3 Drawer Luxury Bedroom Furniture Nightstand 26" H x 24…,100,$159.99,NIGHT STANDS,2021-03-22 09:34
B08FQPLWF,US,VASAGLE Nightstand End Table Side Table with Drawer and Shelf Bedroom Easy Assembly Steel Industrial Design…,1,$59.99,NIGHT STANDS,2021-04-16 10:30
B07NLLCF9,US,Sorbus Nightstand 1-Drawer Shelf Storage- Bedside Furniture & Accent End Table Chest for Home Bedroom Office College…,2,$39.99,NIGHT STANDS,2021-04-16 10:30
B07V2242S,US,HOMFA Nightstand 2-Tier Tall 1-Drawer End Table Side Table File Cabinet Storage Table for Home Office Bedside Cabinets…,3,$64.99,NIGHT STANDS,2021-04-16 10:30
B07NLK6PL,US,Sorbus Nightstand with 3 Drawers - Bedside Furniture & Accent End Table Storage Tower for Home Bedroom Accessories…,4,$40.99,NIGHT STANDS,2021-04-16 10:30
B089PWML1,US,ADORNEVE Black Nightstand with USB Port for Bedroom End Table Side Table Wooden Sofa Side Storage Stand Cabinetwith…,5,$87.99,NIGHT STANDS,2021-04-16 10:30
B0018SSCZ,US,Prepac Sonoma Tall 2-Drawer Nightstand Black,6,$102.08,NIGHT STANDS,2021-04-16 10:30
B07JFK83K,US,Sorbus Nightstand 2-Drawer Shelf Storage - Bedside Furniture & Accent End Table Chest for Home Bedroom Office College…,7,$42.99,NIGHT STANDS,2021-04-16 10:30
B078SFKVM,US,Bedside Shelf for Bed – College Dorm Room Clip On Nightstand with Cup Holder & Cord Holder - Nightstand for Students…,8,$21.99,NIGHT STANDS,2021-04-16 10:30
B08MWLSZ5,US,Little Seeds Monarch Hill Poppy Kids’ White Peach and Taupe Drawers Desk Pink,9,$38.99,NIGHT STANDS,2021-04-16 10:30
B07Y1LJS7,US,SONGMICS Nightstand Industrial Bedside Table with 2 Fabric Drawers Storage Shelves Vertical Dresser Storage Tower…,10,$51.99,NIGHT STANDS,2021-04-16 10:30
B0749K4LC,US,YAHEETECH 3 Drawers Bedside Table Cabinet Stylish Nightstands with Antique Handle Bedroom Furniture Black,11,$73.99,NIGHT STANDS,2021-04-16 10:30
B07FXYFW6,US,YAHEETECH Black Nightstand Bedside End Table 3 Drawer Storage Organizer Home Furniture,12,$73.99,NIGHT STANDS,2021-04-16 10:30
B07NLJKZ7,US,Sorbus Nightstand with 2 Drawers - Bedside Furniture & Night Stand End Table Dresser for Home Bedroom Accessories…,13,$36.99,NIGHT STANDS,2021-04-16 10:30
B087TYXRS,US,Amada Bamboo Bedside Shelf Easy Assemble Organizer for Bunk Beds and Dormitory Beds with Cup Holder & Cable Management…,14,$20.96,NIGHT STANDS,2021-04-16 10:30
B07N28F4B,US,Walker Edison 3 Drawer Mid Century Modern Wood Dresser Bedroom Storage Caramel,15,$93.99,NIGHT STANDS,2021-04-16 10:30
B01KUTJCT,US,Prepac Sonoma Nightstand Tall 1-Drawer Black,16,$85.45,NIGHT STANDS,2021-04-16 10:30
B08FT9H4B,US,VASAGLE Lowell Nightstand Night Table with Open Shelf Inner Adjustable Shelf Steel Frame 15.7 x 15.7 x 23.6 Inches…,17,$73.99,NIGHT STANDS,2021-04-16 10:30
B08PP7F3F,US,YAHEETECH Nightstands Bedside Table with Storage Cabinet and Drawer Height Adjustable Shelf Black,18,$115.99,NIGHT STANDS,2021-04-16 10:30
B07TRNLJ8,US,Sorbus Nightstand with 3 Drawers - Bedside Furniture & Accent End Table Chest for Home Bedroom Accessories Office…,19,$41.99,NIGHT STANDS,2021-04-16 10:30
B08F54186,US,Kamiler Rustic Nightstand DresserStorage Shelf3 Drawers Closet OrganizerRemovable Fabric Bins for Bedroom Hallway…,20,$84.99,NIGHT STANDS,2021-04-16 10:30
B07XRT8PZ,US,YAHEETECH 3 Drawers Nightstand - Beside Table Tall End Storage Wood Cabinet Bedroom Side Organizer with Solid Pine Wood…,21,$142.99,NIGHT STANDS,2021-04-16 10:30
B08PFR33R,US,YAHEETECH Bedside Table Nightstand with Storage Drawer and Slatted Door Accent Cabinet for Bedroom Small Space Black,22,$58.99,NIGHT STANDS,2021-04-16 10:30
B07XL5PHR,US,Sorbus Nightstand with Drawers - Bedside Furniture & Night Stand End Table Dresser for Home Bedroom Accessories Office…,23,$64.99,NIGHT STANDS,2021-04-16 10:30
B08FWQC97,US,VASAGLE VINCYER Nightstand End Table Side Table Tall Night Table with a Drawer and 2 Storage Shelves Space Saving…,24,$59.99,NIGHT STANDS,2021-04-16 10:30
B08HGSR8M,US,Sorbus Nightstand with 4 Drawers - Bedside Furniture & Night Stand End Table Dresser for Home Bedroom Accessories…,25,$44.99,NIGHT STANDS,2021-04-16 10:30
B08PDPY5F,US,Sorbus Dresser with 5 Drawers - Bedside Furniture & Night Stand End Table Dresser for Home Bedroom Accessories Office…,26,$59.99,NIGHT STANDS,2021-04-16 10:30
B08R41GYY,US,Sorbus Nightstand with 2 Drawers - Bedside Furniture & Accent End Table Chest for Home Bedroom Accessories Office…,27,$37.99,NIGHT STANDS,2021-04-16 10:30
B07Y1MGSB,US,SONGMICS Nightstand 3-Tier Bedside Table with Drawer 2 Shelves Fabric Drawer Dresser Industrial End Table for…,28,$42.99,NIGHT STANDS,2021-04-16 10:30
B08FX2FXR,US,VASAGLE VINCYER Nightstand End Table Side Table Tall Night Table with Drawer and Storage Shelf Industrial Rustic…,29,$59.99,NIGHT STANDS,2021-04-16 10:30
B07CRNS55,US,BedShelfie The Original Bedside Shelf for Bed and Bunk Bed Shelf 4 Colors / 4 Styles As Seen On Business Insider and…,30,$29.99,NIGHT STANDS,2021-04-16 10:30
B08PKD8SG,US,SIDUCAL Functional Bedside Table Adjustable & Swiel Wooden Nightstand with Drawers Rolling Laptop Desk Computer Table…,31,$119.99,NIGHT STANDS,2021-04-16 10:30
B08R7VG5B,US,Sorbus Nightstand with 2 Drawers - Bedside Furniture & Night Stand End Table Dresser for Home Bedroom Accessories…,32,$36.99,NIGHT STANDS,2021-04-16 10:30
B01FJCF1B,US,Prepac Yaletown 1 Drawer Tall Nightstand Espresso,33,$102.71,NIGHT STANDS,2021-04-16 10:30
B0018SSCP,US,Prepac Black Sonoma 2 Drawer Nightstand,34,$79.79,NIGHT STANDS,2021-04-16 10:30
B08RHLW75,US,Sorbus Dresser Nightstand with 4 Drawers - Bedside Furniture & Accent End Table Chest for Home Bedroom Accessories…,35,$43.99,NIGHT STANDS,2021-04-16 10:30
B075YZ16V,US,Amazon Brand – Rivet Mid-Century Stark 2-Drawer Nightstand 24"H Walnut,36,$97.45,NIGHT STANDS,2021-04-16 10:30
B07RF9XDH,US,Prepac Milo Mid Century Modern Nightstand 2-Drawer with Open Shelf Black,37,$122.90,NIGHT STANDS,2021-04-16 10:30
B08HJRM8B,US,Sorbus Nightstand with 7 Drawers - Bedside Furniture & Accent End Table Chest for Home Bedroom Accessories Office…,38,$59.99,NIGHT STANDS,2021-04-16 10:30
B08P2RF9L,US,YOURLITE Nightstand Set of 2Side Table End Table Bamboo Bedside Table with Open Compartment Storage Drawer 2-Pack for…,39,$59.90,NIGHT STANDS,2021-04-16 10:30
B08R4321C,US,Sorbus Nightstand with 3 Drawers - Bedside Furniture & Accent End Table Chest for Home Bedroom Accessories Office…,40,$41.99,NIGHT STANDS,2021-04-16 10:30
B089PY628,US,SONGMICS Nightstand Rustic Side Table Dresser Tower with 2 Fabric Drawers Storage Shelves and Wooden Top Metal…,41,$55.99,NIGHT STANDS,2021-04-16 10:30
B07WS2QN7,US,Jerry & Maggie - Magic Cube Nightstands Japanese Tatami Classic Modern Fashion Style - 2 Tier Rectangle Hallow Design…,42,$45.99,NIGHT STANDS,2021-04-16 10:30
B07WYMJ4H,US,VASAGLE Nightstand End Table with Drawer Open Compartment and Pinewood Legs Bedside Table for Bedroom 19.7 x 15.7 x…,43,$59.99,NIGHT STANDS,2021-04-16 10:30
B010GK72E,US,Sauder Shoal Creek Night Stand Diamond Ash finish,44,$72.41,NIGHT STANDS,2021-04-16 10:30
B08WS1WNY,US,Sorbus Nightstand with 3 Drawers - Bedside Furniture & Accent End Table Storage Tower for Home Bedroom Accessories…,45,$39.99,NIGHT STANDS,2021-04-16 10:30
B08LNJVJV,US,Homfa 6 Drawer Chest Storage Dresser Cabinet with Solid Wood Frame and Wide Storage Space 23.6 L x 15.7 W x 46.6 H…,46,$179.99,NIGHT STANDS,2021-04-16 10:30
B06XRYD9S,US,Tvilum Scottsdale 2 Drawer Nightstand Truffle,47,$60.89,NIGHT STANDS,2021-04-16 10:30
B08R5VTV1,US,YAHEETECH Mid Century Nightstand Bedside Table with Storage Drawer and Solid Wood Legs for Bedroom 22.6" H,48,$49.99,NIGHT STANDS,2021-04-16 10:30
B07MK68GJ,US,Nathan James Harper Mid-Century Side 2-Drawer Nightstand Accent or End Table with Storage Wood Black/Brown,49,$126.81,NIGHT STANDS,2021-04-16 10:30
B07P9XHW1,US,VASAGLE Industrial Side Table 2-Tier Nightstand with Mesh Shelf End Table for Small Spaces Sturdy and Easy Assembly…,50,$49.99,NIGHT STANDS,2021-04-16 10:30
B07MJBLJM,US,HOMFA Night Stand End Table Wooden Bedside Table with Drawer and Storage Shelf Multifunctional Antique Home Furniture…,51,$55.99,NIGHT STANDS,2021-04-16 10:30
B07JFT17Q,US,Sorbus Nightstand with 2 Drawers - Bedside Furniture & Night Stand End Table Dresser for Home Bedroom Accessories…,52,$36.99,NIGHT STANDS,2021-04-16 10:30
B07H351QR,US,Walker Edison Traditional Wood 1 Nightstand Side Bedroom Storage Drawer and Shelf Bedside End Table Caramel,53,$73.98,NIGHT STANDS,2021-04-16 10:30
B019C4PPT,US,Casual Home Night Owl Nightstand with USB Ports-Espresso,54,$62.44,NIGHT STANDS,2021-04-16 10:30
B07YFYYR4,US,YAHEETECH Mid Century Sofa Side End Table with Storage Drawer Wood Legs 19L x 16W x 22.5H Inch Set of 2,55,$91.99,NIGHT STANDS,2021-04-16 10:30
B07JNNWCP,US,Prepac Astrid 2-Drawer Nightstand Black,56,$84.14,NIGHT STANDS,2021-04-16 10:30
B08ZSQ51N,US,COZAYH Modern Contemporary Nightstand Extreme Minimalism Open Shelf Style on Metal Hairpin Legs (Blue&Black),57,$89.99,NIGHT STANDS,2021-04-16 10:30
B084XTF19,US,Tvilum 2 Drawer Nightstand Black Matte,58,$84.89,NIGHT STANDS,2021-04-16 10:30
B08L7DT9B,US,Homfa 4 Drawer Dresser Modern Storage Chest with Wide Drawer Space File Organizer End Table Tall Nightstand Accent…,59,$139.99,NIGHT STANDS,2021-04-16 10:30
B08R7VK9V,US,Sorbus Nightstand with 3 Drawers - Bedside Furniture & Night Stand End Table Dresser for Home Bedroom Accessories…,60,$41.99,NIGHT STANDS,2021-04-16 10:30
B07KGMVC9,US,Signature Design by Ashley Realyn Nightstand Chipped White,61,$246.99,NIGHT STANDS,2021-04-16 10:30
B00U9QZIP,US,Sauder Cannery Bridge Night Stand Lintel Oak finish,62,$94.96,NIGHT STANDS,2021-04-16 10:30
B07F33JV9,US,VASAGLE Industrial Nightstand End Table with Metal Shelf Side Table for Small Spaces Wood Look Accent Furniture with…,63,$39.99,NIGHT STANDS,2021-04-16 10:30
B08Y4X1V6,US,Sorbus Nightstand 2-Drawer Shelf Storage - Bedside Furniture & Accent End Table Chest for Home Bedroom Office College…,64,$41.99,NIGHT STANDS,2021-04-16 10:30
B088D8YTY,US,Kamiler End Table Industrial Nightstand with Drawer Side Table Mesh Storage Shelf Sofa Table Rustic Furniture Metal…,65,$49.99,NIGHT STANDS,2021-04-16 10:30
B06VV7KWV,US,South Shore Versa Nightstand with 2 Drawers and Charging Station Gray Maple,66,$170.17,NIGHT STANDS,2021-04-16 10:30
B01MS4OFD,US,Emall Life Upgraded Multifunctional Height Adjustable Overbed End Table Wooden Nightstand with Swivel Top Storage…,67,$149.99,NIGHT STANDS,2021-04-16 10:30
B081FTX18,US,Walker Edison Craig Grooved Door Nightstand 18 Inch Grey Wash,68,$109.99,NIGHT STANDS,2021-04-16 10:30
B08BC9R5D,US,TAOHFE White Nightstand Small Nightstands with 2 Drawer Side Table for Bedroom Set of 2,69,$179.99,NIGHT STANDS,2021-04-16 10:30
B088D2DHY,US,VASAGLE Nightstand Side Table with Drawer Shutter Door End Table with Adjustable Shelf Metal Frame Industrial Style…,70,$79.99,NIGHT STANDS,2021-04-16 10:30
B07V2B5B7,US,Manhattan Comfort Rockefeller Mid-Century Modern 1 Drawer Bedroom Nightstand 20.08" Black,71,$103.74,NIGHT STANDS,2021-04-16 10:30
B07J2B9D2,US,Nathan James Amalia Mid-Century Nightstand Solid Wood Legs Accent End or Side White Faux Carrara Marble Table Top Dark…,72,$66.29,NIGHT STANDS,2021-04-16 10:30
B08SMK177,US,Nightstand with Two Storage Drawer Large Size Wooden Bedside 2-Tier End Table Accent Table Modern Country Home…,73,$61.99,NIGHT STANDS,2021-04-16 10:30
B07MYY11G,US,Phone Bed_Bedside Shelf Bedside nightstand with Cable Management Tablet Holder Table Very Simple & Easy Assemble…,74,$24.90,NIGHT STANDS,2021-04-16 10:30
B08DK1WY3,US,KINGSO Nightstands Industrial Side End Tables with Storage Drawer Bedside Table Night Stand for Small Spaces Bedroom…,75,$36.99,NIGHT STANDS,2021-04-16 10:30
B07QL9XKT,US,South Shore Tassio 1-Drawer Nightstand-Weathered Oak,76,$84.99,NIGHT STANDS,2021-04-16 10:30
B004UMBNN,US,Furinno Entertainment Center w/2 Bin Drawers Espresso/Brown,77,$46.68,NIGHT STANDS,2021-04-16 10:30
B01N7SUNF,US,Safavieh Home Collection Raina Black 3-Drawer Greek Key Nightstand,78,$196.79,NIGHT STANDS,2021-04-16 10:30
B01MDRTA9,US,Alpine Furniture Flynn Mid Century Modern 2 Drawer Nightstand 18" W x 15" D x 26" H Acorn,79,$159.93,NIGHT STANDS,2021-04-16 10:30
B089JWYZY,US,Kamiler Industrial Nightstand with Drawer -End TableSide TableTelephone Sofa Table Rustic Furniture Metal Frame for…,80,,NIGHT STANDS,2021-04-16 10:30
B08LZ39QZ,US,VASAGLE Lowell Narrow Side Table Nightstand with Drawer Shutter Door End Table for Small Spaces Bedroom Industrial…,81,$82.99,NIGHT STANDS,2021-04-16 10:30
B083J4QF7,US,SONGMICS Rustic Nightstand Industrial Bedside Table with Drawer 2 Shelves Fabric Drawer Dresser End Table with…,82,$45.99,NIGHT STANDS,2021-04-16 10:30
B08CSRJR9,US,TUSY Black Nightstand with Drawers End Table Bedroom Side Tables Bedside Cabinets File Cabinet Storage with Sliding…,83,$62.99,NIGHT STANDS,2021-04-16 10:30
B076PQWFK,US,SONGMICS White Nightstand End Table with Storage Cabinet and Drawer Wooden Bedside Table Large Capacity Easy to…,84,$71.99,NIGHT STANDS,2021-04-16 10:30
B087WW87M,US,EKNITEY 3 Drawers Nightstand Small Dresser Chest Sturdy Side End Table with Fabric Drawers and Wheels for Bedroom…,85,$61.88,NIGHT STANDS,2021-04-16 10:30
B071G2R5N,US,Homfa Bamboo Night Stand End Table with Drawer and Storage Shelf Multipurpose Home Furniture Dark Brown,86,$44.99,NIGHT STANDS,2021-04-16 10:30
B08QRXMSG,US,ADORNEVE Black Nightstand with Drawer & Door Bedroom Furniture End Table Side Table Wooden Sofa Side Stand Cabinetwith…,87,$63.99,NIGHT STANDS,2021-04-16 10:30
B07YWTGP3,US,YAHEETECH Wood 3-Drawer Nightstand with Solid Pine Wood Legs Bedroom Furniture Black,88,$73.99,NIGHT STANDS,2021-04-16 10:30
B086XHW69,US,South Shore Furniture Sazena Floating Nightstand Gray Oak,89,$75.55,NIGHT STANDS,2021-04-16 10:30
B074HVKSC,US,Tvilum Scottsdale 2 Drawer Nightstand White Woodgrain,90,$83.54,NIGHT STANDS,2021-04-16 10:30
B08CB762F,US,EROMMY Bedside Table Height Adjustable End TableWooden Nightstand with Swivel TopStorage Drawers & Universal Wheels…,91,$94.99,NIGHT STANDS,2021-04-16 10:30
B07CM86XF,US,Glory Furniture Hammond Cappuccino Fully Assembled Top Quality Wood 3 Drawer Bedroom Furniture Nightstand 26" H x 24" W…,92,$159.99,NIGHT STANDS,2021-04-16 10:30
B07JVF4RV,US,Sauder Cottage Road Night Stand Soft White Finish,93,$99.95,NIGHT STANDS,2021-04-16 10:30
B08P39FX9,US,COZAYH Modern Contemporary Spacious Drawer Nightstand Side Table Retro-Inspired Raised Diamond Motif White,94,$119.99,NIGHT STANDS,2021-04-16 10:30
B08XW8NBD,US,Sorbus Nightstand 1-Drawer Shelf Storage- Bedside Furniture & Accent End Table Chest for Home Bedroom Office College…,95,$36.99,NIGHT STANDS,2021-04-16 10:30
B07F8HHD8,US,Nathan James Oraa Round Wood Nightstand Bedside End or Side Table with Storage Metal Frame with Gray Fabric Basket…,96,$73.10,NIGHT STANDS,2021-04-16 10:30
B08F2R6SS,US,Walker Edison Modern Wood 1 Nightstand with Top Tray Bedroom Storage Drawer and Shelf Bedside End Table Caramel,97,$97.27,NIGHT STANDS,2021-04-16 10:30
B08PDBDN4,US,Yesker Dresser with 8 Drawers for Bedroom - Storage Tower Bedside Furniture & Night Stand End Table Dresser for Home…,98,$86.99,NIGHT STANDS,2021-04-16 10:30
B010S8ZD5,US,South Shore Vito Nightstand Charging Station-Pure Black,99,$158.81,NIGHT STANDS,2021-04-16 10:30
B08PF6X1B,US,White Nightstand Beside Table Modern 2 Drawers LED RGB Light High Gloss Cabinet Side Table End Table for Bedroom Home…,100,$95.99,NIGHT STANDS,2021-04-16 10:30
B08FQPLWF,US,VASAGLE Nightstand End Table Side Table with Drawer and Shelf Bedroom Easy Assembly Steel Industrial Design…,1,$59.99,NIGHT STANDS,2021-04-16 10:33
B07NLLCF9,US,Sorbus Nightstand 1-Drawer Shelf Storage- Bedside Furniture & Accent End Table Chest for Home Bedroom Office College…,2,$39.99,NIGHT STANDS,2021-04-16 10:33
B07V2242S,US,HOMFA Nightstand 2-Tier Tall 1-Drawer End Table Side Table File Cabinet Storage Table for Home Office Bedside Cabinets…,3,$64.99,NIGHT STANDS,2021-04-16 10:33
B07NLK6PL,US,Sorbus Nightstand with 3 Drawers - Bedside Furniture & Accent End Table Storage Tower for Home Bedroom Accessories…,4,$40.99,NIGHT STANDS,2021-04-16 10:33
B089PWML1,US,ADORNEVE Black Nightstand with USB Port for Bedroom End Table Side Table Wooden Sofa Side Storage Stand Cabinetwith…,5,$87.99,NIGHT STANDS,2021-04-16 10:33
B0018SSCZ,US,Prepac Sonoma Tall 2-Drawer Nightstand Black,6,$102.08,NIGHT STANDS,2021-04-16 10:33
B07JFK83K,US,Sorbus Nightstand 2-Drawer Shelf Storage - Bedside Furniture & Accent End Table Chest for Home Bedroom Office College…,7,$42.99,NIGHT STANDS,2021-04-16 10:33
B078SFKVM,US,Bedside Shelf for Bed – College Dorm Room Clip On Nightstand with Cup Holder & Cord Holder - Nightstand for Students…,8,$21.99,NIGHT STANDS,2021-04-16 10:33
B08MWLSZ5,US,Little Seeds Monarch Hill Poppy Kids’ White Peach and Taupe Drawers Desk Pink,9,$38.99,NIGHT STANDS,2021-04-16 10:33
B07Y1LJS7,US,SONGMICS Nightstand Industrial Bedside Table with 2 Fabric Drawers Storage Shelves Vertical Dresser Storage Tower…,10,$51.99,NIGHT STANDS,2021-04-16 10:33
B0749K4LC,US,YAHEETECH 3 Drawers Bedside Table Cabinet Stylish Nightstands with Antique Handle Bedroom Furniture Black,11,$73.99,NIGHT STANDS,2021-04-16 10:33
B07FXYFW6,US,YAHEETECH Black Nightstand Bedside End Table 3 Drawer Storage Organizer Home Furniture,12,$73.99,NIGHT STANDS,2021-04-16 10:33
B07NLJKZ7,US,Sorbus Nightstand with 2 Drawers - Bedside Furniture & Night Stand End Table Dresser for Home Bedroom Accessories…,13,$36.99,NIGHT STANDS,2021-04-16 10:33
B087TYXRS,US,Amada Bamboo Bedside Shelf Easy Assemble Organizer for Bunk Beds and Dormitory Beds with Cup Holder & Cable Management…,14,$20.96,NIGHT STANDS,2021-04-16 10:33
B07N28F4B,US,Walker Edison 3 Drawer Mid Century Modern Wood Dresser Bedroom Storage Caramel,15,$93.99,NIGHT STANDS,2021-04-16 10:33
B01KUTJCT,US,Prepac Sonoma Nightstand Tall 1-Drawer Black,16,$85.45,NIGHT STANDS,2021-04-16 10:33
B08FT9H4B,US,VASAGLE Lowell Nightstand Night Table with Open Shelf Inner Adjustable Shelf Steel Frame 15.7 x 15.7 x 23.6 Inches…,17,$73.99,NIGHT STANDS,2021-04-16 10:33
B08PP7F3F,US,YAHEETECH Nightstands Bedside Table with Storage Cabinet and Drawer Height Adjustable Shelf Black,18,$115.99,NIGHT STANDS,2021-04-16 10:33
B07TRNLJ8,US,Sorbus Nightstand with 3 Drawers - Bedside Furniture & Accent End Table Chest for Home Bedroom Accessories Office…,19,$41.99,NIGHT STANDS,2021-04-16 10:33
B08F54186,US,Kamiler Rustic Nightstand DresserStorage Shelf3 Drawers Closet OrganizerRemovable Fabric Bins for Bedroom Hallway…,20,$84.99,NIGHT STANDS,2021-04-16 10:33
B07XRT8PZ,US,YAHEETECH 3 Drawers Nightstand - Beside Table Tall End Storage Wood Cabinet Bedroom Side Organizer with Solid Pine Wood…,21,$142.99,NIGHT STANDS,2021-04-16 10:33
B08PFR33R,US,YAHEETECH Bedside Table Nightstand with Storage Drawer and Slatted Door Accent Cabinet for Bedroom Small Space Black,22,$58.99,NIGHT STANDS,2021-04-16 10:33
B07XL5PHR,US,Sorbus Nightstand with Drawers - Bedside Furniture & Night Stand End Table Dresser for Home Bedroom Accessories Office…,23,$64.99,NIGHT STANDS,2021-04-16 10:33
B08FWQC97,US,VASAGLE VINCYER Nightstand End Table Side Table Tall Night Table with a Drawer and 2 Storage Shelves Space Saving…,24,$59.99,NIGHT STANDS,2021-04-16 10:33
B08HGSR8M,US,Sorbus Nightstand with 4 Drawers - Bedside Furniture & Night Stand End Table Dresser for Home Bedroom Accessories…,25,$44.99,NIGHT STANDS,2021-04-16 10:33
B08PDPY5F,US,Sorbus Dresser with 5 Drawers - Bedside Furniture & Night Stand End Table Dresser for Home Bedroom Accessories Office…,26,$59.99,NIGHT STANDS,2021-04-16 10:33
B08R41GYY,US,Sorbus Nightstand with 2 Drawers - Bedside Furniture & Accent End Table Chest for Home Bedroom Accessories Office…,27,$37.99,NIGHT STANDS,2021-04-16 10:33
B07Y1MGSB,US,SONGMICS Nightstand 3-Tier Bedside Table with Drawer 2 Shelves Fabric Drawer Dresser Industrial End Table for…,28,$42.99,NIGHT STANDS,2021-04-16 10:33
B08FX2FXR,US,VASAGLE VINCYER Nightstand End Table Side Table Tall Night Table with Drawer and Storage Shelf Industrial Rustic…,29,$59.99,NIGHT STANDS,2021-04-16 10:33
B07CRNS55,US,BedShelfie The Original Bedside Shelf for Bed and Bunk Bed Shelf 4 Colors / 4 Styles As Seen On Business Insider and…,30,$29.99,NIGHT STANDS,2021-04-16 10:33
B08PKD8SG,US,SIDUCAL Functional Bedside Table Adjustable & Swiel Wooden Nightstand with Drawers Rolling Laptop Desk Computer Table…,31,$119.99,NIGHT STANDS,2021-04-16 10:33
B08R7VG5B,US,Sorbus Nightstand with 2 Drawers - Bedside Furniture & Night Stand End Table Dresser for Home Bedroom Accessories…,32,$36.99,NIGHT STANDS,2021-04-16 10:33
B01FJCF1B,US,Prepac Yaletown 1 Drawer Tall Nightstand Espresso,33,$102.71,NIGHT STANDS,2021-04-16 10:33
B0018SSCP,US,Prepac Black Sonoma 2 Drawer Nightstand,34,$79.79,NIGHT STANDS,2021-04-16 10:33
B08RHLW75,US,Sorbus Dresser Nightstand with 4 Drawers - Bedside Furniture & Accent End Table Chest for Home Bedroom Accessories…,35,$43.99,NIGHT STANDS,2021-04-16 10:33
B075YZ16V,US,Amazon Brand – Rivet Mid-Century Stark 2-Drawer Nightstand 24"H Walnut,36,$97.45,NIGHT STANDS,2021-04-16 10:33
B07RF9XDH,US,Prepac Milo Mid Century Modern Nightstand 2-Drawer with Open Shelf Black,37,$122.90,NIGHT STANDS,2021-04-16 10:33
B08HJRM8B,US,Sorbus Nightstand with 7 Drawers - Bedside Furniture & Accent End Table Chest for Home Bedroom Accessories Office…,38,$59.99,NIGHT STANDS,2021-04-16 10:33
B08P2RF9L,US,YOURLITE Nightstand Set of 2Side Table End Table Bamboo Bedside Table with Open Compartment Storage Drawer 2-Pack for…,39,$59.90,NIGHT STANDS,2021-04-16 10:33
B08R4321C,US,Sorbus Nightstand with 3 Drawers - Bedside Furniture & Accent End Table Chest for Home Bedroom Accessories Office…,40,$41.99,NIGHT STANDS,2021-04-16 10:33
B089PY628,US,SONGMICS Nightstand Rustic Side Table Dresser Tower with 2 Fabric Drawers Storage Shelves and Wooden Top Metal…,41,$55.99,NIGHT STANDS,2021-04-16 10:33
B07WS2QN7,US,Jerry & Maggie - Magic Cube Nightstands Japanese Tatami Classic Modern Fashion Style - 2 Tier Rectangle Hallow Design…,42,$45.99,NIGHT STANDS,2021-04-16 10:33
B07WYMJ4H,US,VASAGLE Nightstand End Table with Drawer Open Compartment and Pinewood Legs Bedside Table for Bedroom 19.7 x 15.7 x…,43,$59.99,NIGHT STANDS,2021-04-16 10:33
B010GK72E,US,Sauder Shoal Creek Night Stand Diamond Ash finish,44,$72.41,NIGHT STANDS,2021-04-16 10:33
B08WS1WNY,US,Sorbus Nightstand with 3 Drawers - Bedside Furniture & Accent End Table Storage Tower for Home Bedroom Accessories…,45,$39.99,NIGHT STANDS,2021-04-16 10:33
B08LNJVJV,US,Homfa 6 Drawer Chest Storage Dresser Cabinet with Solid Wood Frame and Wide Storage Space 23.6 L x 15.7 W x 46.6 H…,46,$179.99,NIGHT STANDS,2021-04-16 10:33
B06XRYD9S,US,Tvilum Scottsdale 2 Drawer Nightstand Truffle,47,$60.89,NIGHT STANDS,2021-04-16 10:33
B08R5VTV1,US,YAHEETECH Mid Century Nightstand Bedside Table with Storage Drawer and Solid Wood Legs for Bedroom 22.6" H,48,$49.99,NIGHT STANDS,2021-04-16 10:33
B07MK68GJ,US,Nathan James Harper Mid-Century Side 2-Drawer Nightstand Accent or End Table with Storage Wood Black/Brown,49,$126.81,NIGHT STANDS,2021-04-16 10:33
B07P9XHW1,US,VASAGLE Industrial Side Table 2-Tier Nightstand with Mesh Shelf End Table for Small Spaces Sturdy and Easy Assembly…,50,$49.99,NIGHT STANDS,2021-04-16 10:33
B07MJBLJM,US,HOMFA Night Stand End Table Wooden Bedside Table with Drawer and Storage Shelf Multifunctional Antique Home Furniture…,51,$55.99,NIGHT STANDS,2021-04-16 10:33
B07JFT17Q,US,Sorbus Nightstand with 2 Drawers - Bedside Furniture & Night Stand End Table Dresser for Home Bedroom Accessories…,52,$36.99,NIGHT STANDS,2021-04-16 10:33
B07H351QR,US,Walker Edison Traditional Wood 1 Nightstand Side Bedroom Storage Drawer and Shelf Bedside End Table Caramel,53,$74.40,NIGHT STANDS,2021-04-16 10:33
B019C4PPT,US,Casual Home Night Owl Nightstand with USB Ports-Espresso,54,$62.44,NIGHT STANDS,2021-04-16 10:33
B07YFYYR4,US,YAHEETECH Mid Century Sofa Side End Table with Storage Drawer Wood Legs 19L x 16W x 22.5H Inch Set of 2,55,$91.99,NIGHT STANDS,2021-04-16 10:33
B07JNNWCP,US,Prepac Astrid 2-Drawer Nightstand Black,56,$84.14,NIGHT STANDS,2021-04-16 10:33
B08ZSQ51N,US,COZAYH Modern Contemporary Nightstand Extreme Minimalism Open Shelf Style on Metal Hairpin Legs (Blue&Black),57,$89.99,NIGHT STANDS,2021-04-16 10:33
B084XTF19,US,Tvilum 2 Drawer Nightstand Black Matte,58,$84.89,NIGHT STANDS,2021-04-16 10:33
B08L7DT9B,US,Homfa 4 Drawer Dresser Modern Storage Chest with Wide Drawer Space File Organizer End Table Tall Nightstand Accent…,59,$139.99,NIGHT STANDS,2021-04-16 10:33
B08R7VK9V,US,Sorbus Nightstand with 3 Drawers - Bedside Furniture & Night Stand End Table Dresser for Home Bedroom Accessories…,60,$41.99,NIGHT STANDS,2021-04-16 10:33
B07KGMVC9,US,Signature Design by Ashley Realyn Nightstand Chipped White,61,$246.99,NIGHT STANDS,2021-04-16 10:33
B00U9QZIP,US,Sauder Cannery Bridge Night Stand Lintel Oak finish,62,$94.96,NIGHT STANDS,2021-04-16 10:33
B07F33JV9,US,VASAGLE Industrial Nightstand End Table with Metal Shelf Side Table for Small Spaces Wood Look Accent Furniture with…,63,$39.99,NIGHT STANDS,2021-04-16 10:33
B08Y4X1V6,US,Sorbus Nightstand 2-Drawer Shelf Storage - Bedside Furniture & Accent End Table Chest for Home Bedroom Office College…,64,$41.99,NIGHT STANDS,2021-04-16 10:33
B088D8YTY,US,Kamiler End Table Industrial Nightstand with Drawer Side Table Mesh Storage Shelf Sofa Table Rustic Furniture Metal…,65,$49.99,NIGHT STANDS,2021-04-16 10:33
B06VV7KWV,US,South Shore Versa Nightstand with 2 Drawers and Charging Station Gray Maple,66,$170.17,NIGHT STANDS,2021-04-16 10:33
B01MS4OFD,US,Emall Life Upgraded Multifunctional Height Adjustable Overbed End Table Wooden Nightstand with Swivel Top Storage…,67,$149.99,NIGHT STANDS,2021-04-16 10:33
B081FTX18,US,Walker Edison Craig Grooved Door Nightstand 18 Inch Grey Wash,68,$109.99,NIGHT STANDS,2021-04-16 10:33
B08BC9R5D,US,TAOHFE White Nightstand Small Nightstands with 2 Drawer Side Table for Bedroom Set of 2,69,$179.99,NIGHT STANDS,2021-04-16 10:33
B088D2DHY,US,VASAGLE Nightstand Side Table with Drawer Shutter Door End Table with Adjustable Shelf Metal Frame Industrial Style…,70,$79.99,NIGHT STANDS,2021-04-16 10:33
B07V2B5B7,US,Manhattan Comfort Rockefeller Mid-Century Modern 1 Drawer Bedroom Nightstand 20.08" Black,71,$103.74,NIGHT STANDS,2021-04-16 10:33
B07J2B9D2,US,Nathan James Amalia Mid-Century Nightstand Solid Wood Legs Accent End or Side White Faux Carrara Marble Table Top Dark…,72,$66.29,NIGHT STANDS,2021-04-16 10:33
B08SMK177,US,Nightstand with Two Storage Drawer Large Size Wooden Bedside 2-Tier End Table Accent Table Modern Country Home…,73,$61.99,NIGHT STANDS,2021-04-16 10:33
B07MYY11G,US,Phone Bed_Bedside Shelf Bedside nightstand with Cable Management Tablet Holder Table Very Simple & Easy Assemble…,74,$24.90,NIGHT STANDS,2021-04-16 10:33
B08DK1WY3,US,KINGSO Nightstands Industrial Side End Tables with Storage Drawer Bedside Table Night Stand for Small Spaces Bedroom…,75,$36.99,NIGHT STANDS,2021-04-16 10:33
B07QL9XKT,US,South Shore Tassio 1-Drawer Nightstand-Weathered Oak,76,$84.99,NIGHT STANDS,2021-04-16 10:33
B004UMBNN,US,Furinno Entertainment Center w/2 Bin Drawers Espresso/Brown,77,$46.68,NIGHT STANDS,2021-04-16 10:33
B01N7SUNF,US,Safavieh Home Collection Raina Black 3-Drawer Greek Key Nightstand,78,$196.79,NIGHT STANDS,2021-04-16 10:33
B01MDRTA9,US,Alpine Furniture Flynn Mid Century Modern 2 Drawer Nightstand 18" W x 15" D x 26" H Acorn,79,$159.93,NIGHT STANDS,2021-04-16 10:33
B089JWYZY,US,Kamiler Industrial Nightstand with Drawer -End TableSide TableTelephone Sofa Table Rustic Furniture Metal Frame for…,80,,NIGHT STANDS,2021-04-16 10:33
B08LZ39QZ,US,VASAGLE Lowell Narrow Side Table Nightstand with Drawer Shutter Door End Table for Small Spaces Bedroom Industrial…,81,$82.99,NIGHT STANDS,2021-04-16 10:33
B083J4QF7,US,SONGMICS Rustic Nightstand Industrial Bedside Table with Drawer 2 Shelves Fabric Drawer Dresser End Table with…,82,$45.99,NIGHT STANDS,2021-04-16 10:33
B08CSRJR9,US,TUSY Black Nightstand with Drawers End Table Bedroom Side Tables Bedside Cabinets File Cabinet Storage with Sliding…,83,$62.99,NIGHT STANDS,2021-04-16 10:33
B076PQWFK,US,SONGMICS White Nightstand End Table with Storage Cabinet and Drawer Wooden Bedside Table Large Capacity Easy to…,84,$71.99,NIGHT STANDS,2021-04-16 10:33
B087WW87M,US,EKNITEY 3 Drawers Nightstand Small Dresser Chest Sturdy Side End Table with Fabric Drawers and Wheels for Bedroom…,85,$61.88,NIGHT STANDS,2021-04-16 10:33
B071G2R5N,US,Homfa Bamboo Night Stand End Table with Drawer and Storage Shelf Multipurpose Home Furniture Dark Brown,86,$44.99,NIGHT STANDS,2021-04-16 10:33
B08QRXMSG,US,ADORNEVE Black Nightstand with Drawer & Door Bedroom Furniture End Table Side Table Wooden Sofa Side Stand Cabinetwith…,87,$63.99,NIGHT STANDS,2021-04-16 10:33
B07YWTGP3,US,YAHEETECH Wood 3-Drawer Nightstand with Solid Pine Wood Legs Bedroom Furniture Black,88,$73.99,NIGHT STANDS,2021-04-16 10:33
B086XHW69,US,South Shore Furniture Sazena Floating Nightstand Gray Oak,89,$75.55,NIGHT STANDS,2021-04-16 10:33
B074HVKSC,US,Tvilum Scottsdale 2 Drawer Nightstand White Woodgrain,90,$83.54,NIGHT STANDS,2021-04-16 10:33
B08CB762F,US,EROMMY Bedside Table Height Adjustable End TableWooden Nightstand with Swivel TopStorage Drawers & Universal Wheels…,91,$94.99,NIGHT STANDS,2021-04-16 10:33
B07CM86XF,US,Glory Furniture Hammond Cappuccino Fully Assembled Top Quality Wood 3 Drawer Bedroom Furniture Nightstand 26" H x 24" W…,92,$159.99,NIGHT STANDS,2021-04-16 10:33
B07JVF4RV,US,Sauder Cottage Road Night Stand Soft White Finish,93,$99.95,NIGHT STANDS,2021-04-16 10:33
B08P39FX9,US,COZAYH Modern Contemporary Spacious Drawer Nightstand Side Table Retro-Inspired Raised Diamond Motif White,94,$119.99,NIGHT STANDS,2021-04-16 10:33
B08XW8NBD,US,Sorbus Nightstand 1-Drawer Shelf Storage- Bedside Furniture & Accent End Table Chest for Home Bedroom Office College…,95,$36.99,NIGHT STANDS,2021-04-16 10:33
B07F8HHD8,US,Nathan James Oraa Round Wood Nightstand Bedside End or Side Table with Storage Metal Frame with Gray Fabric Basket…,96,$73.10,NIGHT STANDS,2021-04-16 10:33
B08F2R6SS,US,Walker Edison Modern Wood 1 Nightstand with Top Tray Bedroom Storage Drawer and Shelf Bedside End Table Caramel,97,$97.27,NIGHT STANDS,2021-04-16 10:33
B08PDBDN4,US,Yesker Dresser with 8 Drawers for Bedroom - Storage Tower Bedside Furniture & Night Stand End Table Dresser for Home…,98,$86.99,NIGHT STANDS,2021-04-16 10:33
B010S8ZD5,US,South Shore Vito Nightstand Charging Station-Pure Black,99,$158.81,NIGHT STANDS,2021-04-16 10:33
B08PF6X1B,US,White Nightstand Beside Table Modern 2 Drawers LED RGB Light High Gloss Cabinet Side Table End Table for Bedroom Home…,100,$95.99,NIGHT STANDS,2021-04-16 10:33
B08FQPLWF,US,VASAGLE Nightstand End Table Side Table with Drawer and Shelf Bedroom Easy Assembly Steel Industrial Design…,1,$59.99,NIGHT STANDS,2021-04-16 10:34
B07NLLCF9,US,Sorbus Nightstand 1-Drawer Shelf Storage- Bedside Furniture & Accent End Table Chest for Home Bedroom Office College…,2,$39.99,NIGHT STANDS,2021-04-16 10:34
B07V2242S,US,HOMFA Nightstand 2-Tier Tall 1-Drawer End Table Side Table File Cabinet Storage Table for Home Office Bedside Cabinets…,3,$64.99,NIGHT STANDS,2021-04-16 10:34
B07NLK6PL,US,Sorbus Nightstand with 3 Drawers - Bedside Furniture & Accent End Table Storage Tower for Home Bedroom Accessories…,4,$40.99,NIGHT STANDS,2021-04-16 10:34
B089PWML1,US,ADORNEVE Black Nightstand with USB Port for Bedroom End Table Side Table Wooden Sofa Side Storage Stand Cabinetwith…,5,$87.99,NIGHT STANDS,2021-04-16 10:34
B0018SSCZ,US,Prepac Sonoma Tall 2-Drawer Nightstand Black,6,$102.08,NIGHT STANDS,2021-04-16 10:34
B07JFK83K,US,Sorbus Nightstand 2-Drawer Shelf Storage - Bedside Furniture & Accent End Table Chest for Home Bedroom Office College…,7,$42.99,NIGHT STANDS,2021-04-16 10:34
B078SFKVM,US,Bedside Shelf for Bed – College Dorm Room Clip On Nightstand with Cup Holder & Cord Holder - Nightstand for Students…,8,$21.99,NIGHT STANDS,2021-04-16 10:34
B08MWLSZ5,US,Little Seeds Monarch Hill Poppy Kids’ White Peach and Taupe Drawers Desk Pink,9,$38.99,NIGHT STANDS,2021-04-16 10:34
B07Y1LJS7,US,SONGMICS Nightstand Industrial Bedside Table with 2 Fabric Drawers Storage Shelves Vertical Dresser Storage Tower…,10,$51.99,NIGHT STANDS,2021-04-16 10:34
B0749K4LC,US,YAHEETECH 3 Drawers Bedside Table Cabinet Stylish Nightstands with Antique Handle Bedroom Furniture Black,11,$73.99,NIGHT STANDS,2021-04-16 10:34
B07FXYFW6,US,YAHEETECH Black Nightstand Bedside End Table 3 Drawer Storage Organizer Home Furniture,12,$73.99,NIGHT STANDS,2021-04-16 10:34
B07NLJKZ7,US,Sorbus Nightstand with 2 Drawers - Bedside Furniture & Night Stand End Table Dresser for Home Bedroom Accessories…,13,$36.99,NIGHT STANDS,2021-04-16 10:34
B087TYXRS,US,Amada Bamboo Bedside Shelf Easy Assemble Organizer for Bunk Beds and Dormitory Beds with Cup Holder & Cable Management…,14,$20.96,NIGHT STANDS,2021-04-16 10:34
B07N28F4B,US,Walker Edison 3 Drawer Mid Century Modern Wood Dresser Bedroom Storage Caramel,15,$93.99,NIGHT STANDS,2021-04-16 10:34
B01KUTJCT,US,Prepac Sonoma Nightstand Tall 1-Drawer Black,16,$85.45,NIGHT STANDS,2021-04-16 10:34
B08FT9H4B,US,VASAGLE Lowell Nightstand Night Table with Open Shelf Inner Adjustable Shelf Steel Frame 15.7 x 15.7 x 23.6 Inches…,17,$73.99,NIGHT STANDS,2021-04-16 10:34
B08PP7F3F,US,YAHEETECH Nightstands Bedside Table with Storage Cabinet and Drawer Height Adjustable Shelf Black,18,$115.99,NIGHT STANDS,2021-04-16 10:34
B07TRNLJ8,US,Sorbus Nightstand with 3 Drawers - Bedside Furniture & Accent End Table Chest for Home Bedroom Accessories Office…,19,$41.99,NIGHT STANDS,2021-04-16 10:34
B08F54186,US,Kamiler Rustic Nightstand DresserStorage Shelf3 Drawers Closet OrganizerRemovable Fabric Bins for Bedroom Hallway…,20,$84.99,NIGHT STANDS,2021-04-16 10:34
B07XRT8PZ,US,YAHEETECH 3 Drawers Nightstand - Beside Table Tall End Storage Wood Cabinet Bedroom Side Organizer with Solid Pine Wood…,21,$142.99,NIGHT STANDS,2021-04-16 10:34
B08PFR33R,US,YAHEETECH Bedside Table Nightstand with Storage Drawer and Slatted Door Accent Cabinet for Bedroom Small Space Black,22,$58.99,NIGHT STANDS,2021-04-16 10:34
B07XL5PHR,US,Sorbus Nightstand with Drawers - Bedside Furniture & Night Stand End Table Dresser for Home Bedroom Accessories Office…,23,$64.99,NIGHT STANDS,2021-04-16 10:34
B08FWQC97,US,VASAGLE VINCYER Nightstand End Table Side Table Tall Night Table with a Drawer and 2 Storage Shelves Space Saving…,24,$59.99,NIGHT STANDS,2021-04-16 10:34
B08HGSR8M,US,Sorbus Nightstand with 4 Drawers - Bedside Furniture & Night Stand End Table Dresser for Home Bedroom Accessories…,25,$44.99,NIGHT STANDS,2021-04-16 10:34
B08PDPY5F,US,Sorbus Dresser with 5 Drawers - Bedside Furniture & Night Stand End Table Dresser for Home Bedroom Accessories Office…,26,$59.99,NIGHT STANDS,2021-04-16 10:34
B08R41GYY,US,Sorbus Nightstand with 2 Drawers - Bedside Furniture & Accent End Table Chest for Home Bedroom Accessories Office…,27,$37.99,NIGHT STANDS,2021-04-16 10:34
B07Y1MGSB,US,SONGMICS Nightstand 3-Tier Bedside Table with Drawer 2 Shelves Fabric Drawer Dresser Industrial End Table for…,28,$42.99,NIGHT STANDS,2021-04-16 10:34
B08FX2FXR,US,VASAGLE VINCYER Nightstand End Table Side Table Tall Night Table with Drawer and Storage Shelf Industrial Rustic…,29,$59.99,NIGHT STANDS,2021-04-16 10:34
B07CRNS55,US,BedShelfie The Original Bedside Shelf for Bed and Bunk Bed Shelf 4 Colors / 4 Styles As Seen On Business Insider and…,30,$29.99,NIGHT STANDS,2021-04-16 10:34
B08PKD8SG,US,SIDUCAL Functional Bedside Table Adjustable & Swiel Wooden Nightstand with Drawers Rolling Laptop Desk Computer Table…,31,$119.99,NIGHT STANDS,2021-04-16 10:34
B08R7VG5B,US,Sorbus Nightstand with 2 Drawers - Bedside Furniture & Night Stand End Table Dresser for Home Bedroom Accessories…,32,$36.99,NIGHT STANDS,2021-04-16 10:34
B01FJCF1B,US,Prepac Yaletown 1 Drawer Tall Nightstand Espresso,33,$102.71,NIGHT STANDS,2021-04-16 10:34
B0018SSCP,US,Prepac Black Sonoma 2 Drawer Nightstand,34,$79.79,NIGHT STANDS,2021-04-16 10:34
B08RHLW75,US,Sorbus Dresser Nightstand with 4 Drawers - Bedside Furniture & Accent End Table Chest for Home Bedroom Accessories…,35,$43.99,NIGHT STANDS,2021-04-16 10:34
B075YZ16V,US,Amazon Brand – Rivet Mid-Century Stark 2-Drawer Nightstand 24"H Walnut,36,$97.45,NIGHT STANDS,2021-04-16 10:34
B07RF9XDH,US,Prepac Milo Mid Century Modern Nightstand 2-Drawer with Open Shelf Black,37,$122.90,NIGHT STANDS,2021-04-16 10:34
B08HJRM8B,US,Sorbus Nightstand with 7 Drawers - Bedside Furniture & Accent End Table Chest for Home Bedroom Accessories Office…,38,$59.99,NIGHT STANDS,2021-04-16 10:34
B08P2RF9L,US,YOURLITE Nightstand Set of 2Side Table End Table Bamboo Bedside Table with Open Compartment Storage Drawer 2-Pack for…,39,$59.90,NIGHT STANDS,2021-04-16 10:34
B08R4321C,US,Sorbus Nightstand with 3 Drawers - Bedside Furniture & Accent End Table Chest for Home Bedroom Accessories Office…,40,$41.99,NIGHT STANDS,2021-04-16 10:34
B089PY628,US,SONGMICS Nightstand Rustic Side Table Dresser Tower with 2 Fabric Drawers Storage Shelves and Wooden Top Metal…,41,$55.99,NIGHT STANDS,2021-04-16 10:34
B07WS2QN7,US,Jerry & Maggie - Magic Cube Nightstands Japanese Tatami Classic Modern Fashion Style - 2 Tier Rectangle Hallow Design…,42,$45.99,NIGHT STANDS,2021-04-16 10:34
B07WYMJ4H,US,VASAGLE Nightstand End Table with Drawer Open Compartment and Pinewood Legs Bedside Table for Bedroom 19.7 x 15.7 x…,43,$59.99,NIGHT STANDS,2021-04-16 10:34
B010GK72E,US,Sauder Shoal Creek Night Stand Diamond Ash finish,44,$72.41,NIGHT STANDS,2021-04-16 10:34
B08WS1WNY,US,Sorbus Nightstand with 3 Drawers - Bedside Furniture & Accent End Table Storage Tower for Home Bedroom Accessories…,45,$39.99,NIGHT STANDS,2021-04-16 10:34
B08LNJVJV,US,Homfa 6 Drawer Chest Storage Dresser Cabinet with Solid Wood Frame and Wide Storage Space 23.6 L x 15.7 W x 46.6 H…,46,$179.99,NIGHT STANDS,2021-04-16 10:34
B06XRYD9S,US,Tvilum Scottsdale 2 Drawer Nightstand Truffle,47,$60.89,NIGHT STANDS,2021-04-16 10:34
B08R5VTV1,US,YAHEETECH Mid Century Nightstand Bedside Table with Storage Drawer and Solid Wood Legs for Bedroom 22.6" H,48,$49.99,NIGHT STANDS,2021-04-16 10:34
B07MK68GJ,US,Nathan James Harper Mid-Century Side 2-Drawer Nightstand Accent or End Table with Storage Wood Black/Brown,49,$126.81,NIGHT STANDS,2021-04-16 10:34
B07P9XHW1,US,VASAGLE Industrial Side Table 2-Tier Nightstand with Mesh Shelf End Table for Small Spaces Sturdy and Easy Assembly…,50,$49.99,NIGHT STANDS,2021-04-16 10:34
B07MJBLJM,US,HOMFA Night Stand End Table Wooden Bedside Table with Drawer and Storage Shelf Multifunctional Antique Home Furniture…,51,$55.99,NIGHT STANDS,2021-04-16 10:34
B07JFT17Q,US,Sorbus Nightstand with 2 Drawers - Bedside Furniture & Night Stand End Table Dresser for Home Bedroom Accessories…,52,$36.99,NIGHT STANDS,2021-04-16 10:34
B07H351QR,US,Walker Edison Traditional Wood 1 Nightstand Side Bedroom Storage Drawer and Shelf Bedside End Table Caramel,53,$74.40,NIGHT STANDS,2021-04-16 10:34
B019C4PPT,US,Casual Home Night Owl Nightstand with USB Ports-Espresso,54,$62.44,NIGHT STANDS,2021-04-16 10:34
B07YFYYR4,US,YAHEETECH Mid Century Sofa Side End Table with Storage Drawer Wood Legs 19L x 16W x 22.5H Inch Set of 2,55,$91.99,NIGHT STANDS,2021-04-16 10:34
B07JNNWCP,US,Prepac Astrid 2-Drawer Nightstand Black,56,$84.14,NIGHT STANDS,2021-04-16 10:34
B08ZSQ51N,US,COZAYH Modern Contemporary Nightstand Extreme Minimalism Open Shelf Style on Metal Hairpin Legs (Blue&Black),57,$89.99,NIGHT STANDS,2021-04-16 10:34
B084XTF19,US,Tvilum 2 Drawer Nightstand Black Matte,58,$84.89,NIGHT STANDS,2021-04-16 10:34
B08L7DT9B,US,Homfa 4 Drawer Dresser Modern Storage Chest with Wide Drawer Space File Organizer End Table Tall Nightstand Accent…,59,$139.99,NIGHT STANDS,2021-04-16 10:34
B08R7VK9V,US,Sorbus Nightstand with 3 Drawers - Bedside Furniture & Night Stand End Table Dresser for Home Bedroom Accessories…,60,$41.99,NIGHT STANDS,2021-04-16 10:34
B07KGMVC9,US,Signature Design by Ashley Realyn Nightstand Chipped White,61,$246.99,NIGHT STANDS,2021-04-16 10:34
B00U9QZIP,US,Sauder Cannery Bridge Night Stand Lintel Oak finish,62,$94.96,NIGHT STANDS,2021-04-16 10:34
B07F33JV9,US,VASAGLE Industrial Nightstand End Table with Metal Shelf Side Table for Small Spaces Wood Look Accent Furniture with…,63,$39.99,NIGHT STANDS,2021-04-16 10:34
B08Y4X1V6,US,Sorbus Nightstand 2-Drawer Shelf Storage - Bedside Furniture & Accent End Table Chest for Home Bedroom Office College…,64,$41.99,NIGHT STANDS,2021-04-16 10:34
B088D8YTY,US,Kamiler End Table Industrial Nightstand with Drawer Side Table Mesh Storage Shelf Sofa Table Rustic Furniture Metal…,65,$49.99,NIGHT STANDS,2021-04-16 10:34
B06VV7KWV,US,South Shore Versa Nightstand with 2 Drawers and Charging Station Gray Maple,66,$170.17,NIGHT STANDS,2021-04-16 10:34
B01MS4OFD,US,Emall Life Upgraded Multifunctional Height Adjustable Overbed End Table Wooden Nightstand with Swivel Top Storage…,67,$149.99,NIGHT STANDS,2021-04-16 10:34
B081FTX18,US,Walker Edison Craig Grooved Door Nightstand 18 Inch Grey Wash,68,$109.99,NIGHT STANDS,2021-04-16 10:34
B08BC9R5D,US,TAOHFE White Nightstand Small Nightstands with 2 Drawer Side Table for Bedroom Set of 2,69,$179.99,NIGHT STANDS,2021-04-16 10:34
B088D2DHY,US,VASAGLE Nightstand Side Table with Drawer Shutter Door End Table with Adjustable Shelf Metal Frame Industrial Style…,70,$79.99,NIGHT STANDS,2021-04-16 10:34
B07V2B5B7,US,Manhattan Comfort Rockefeller Mid-Century Modern 1 Drawer Bedroom Nightstand 20.08" Black,71,$103.74,NIGHT STANDS,2021-04-16 10:34
B07J2B9D2,US,Nathan James Amalia Mid-Century Nightstand Solid Wood Legs Accent End or Side White Faux Carrara Marble Table Top Dark…,72,$66.29,NIGHT STANDS,2021-04-16 10:34
B08SMK177,US,Nightstand with Two Storage Drawer Large Size Wooden Bedside 2-Tier End Table Accent Table Modern Country Home…,73,$61.99,NIGHT STANDS,2021-04-16 10:34
B07MYY11G,US,Phone Bed_Bedside Shelf Bedside nightstand with Cable Management Tablet Holder Table Very Simple & Easy Assemble…,74,$24.90,NIGHT STANDS,2021-04-16 10:34
B08DK1WY3,US,KINGSO Nightstands Industrial Side End Tables with Storage Drawer Bedside Table Night Stand for Small Spaces Bedroom…,75,$36.99,NIGHT STANDS,2021-04-16 10:34
B07QL9XKT,US,South Shore Tassio 1-Drawer Nightstand-Weathered Oak,76,$84.99,NIGHT STANDS,2021-04-16 10:34
B004UMBNN,US,Furinno Entertainment Center w/2 Bin Drawers Espresso/Brown,77,$46.68,NIGHT STANDS,2021-04-16 10:34
B01N7SUNF,US,Safavieh Home Collection Raina Black 3-Drawer Greek Key Nightstand,78,$196.79,NIGHT STANDS,2021-04-16 10:34
B01MDRTA9,US,Alpine Furniture Flynn Mid Century Modern 2 Drawer Nightstand 18" W x 15" D x 26" H Acorn,79,$159.93,NIGHT STANDS,2021-04-16 10:34
B089JWYZY,US,Kamiler Industrial Nightstand with Drawer -End TableSide TableTelephone Sofa Table Rustic Furniture Metal Frame for…,80,,NIGHT STANDS,2021-04-16 10:34
B08LZ39QZ,US,VASAGLE Lowell Narrow Side Table Nightstand with Drawer Shutter Door End Table for Small Spaces Bedroom Industrial…,81,$82.99,NIGHT STANDS,2021-04-16 10:34
B083J4QF7,US,SONGMICS Rustic Nightstand Industrial Bedside Table with Drawer 2 Shelves Fabric Drawer Dresser End Table with…,82,$45.99,NIGHT STANDS,2021-04-16 10:34
B08CSRJR9,US,TUSY Black Nightstand with Drawers End Table Bedroom Side Tables Bedside Cabinets File Cabinet Storage with Sliding…,83,$62.99,NIGHT STANDS,2021-04-16 10:34
B076PQWFK,US,SONGMICS White Nightstand End Table with Storage Cabinet and Drawer Wooden Bedside Table Large Capacity Easy to…,84,$71.99,NIGHT STANDS,2021-04-16 10:34
B087WW87M,US,EKNITEY 3 Drawers Nightstand Small Dresser Chest Sturdy Side End Table with Fabric Drawers and Wheels for Bedroom…,85,$61.88,NIGHT STANDS,2021-04-16 10:34
B071G2R5N,US,Homfa Bamboo Night Stand End Table with Drawer and Storage Shelf Multipurpose Home Furniture Dark Brown,86,$44.99,NIGHT STANDS,2021-04-16 10:34
B08QRXMSG,US,ADORNEVE Black Nightstand with Drawer & Door Bedroom Furniture End Table Side Table Wooden Sofa Side Stand Cabinetwith…,87,$63.99,NIGHT STANDS,2021-04-16 10:34
B07YWTGP3,US,YAHEETECH Wood 3-Drawer Nightstand with Solid Pine Wood Legs Bedroom Furniture Black,88,$73.99,NIGHT STANDS,2021-04-16 10:34
B086XHW69,US,South Shore Furniture Sazena Floating Nightstand Gray Oak,89,$75.55,NIGHT STANDS,2021-04-16 10:34
B074HVKSC,US,Tvilum Scottsdale 2 Drawer Nightstand White Woodgrain,90,$83.54,NIGHT STANDS,2021-04-16 10:34
B08CB762F,US,EROMMY Bedside Table Height Adjustable End TableWooden Nightstand with Swivel TopStorage Drawers & Universal Wheels…,91,$94.99,NIGHT STANDS,2021-04-16 10:34
B07CM86XF,US,Glory Furniture Hammond Cappuccino Fully Assembled Top Quality Wood 3 Drawer Bedroom Furniture Nightstand 26" H x 24" W…,92,$159.99,NIGHT STANDS,2021-04-16 10:34
B07JVF4RV,US,Sauder Cottage Road Night Stand Soft White Finish,93,$99.95,NIGHT STANDS,2021-04-16 10:34
B08P39FX9,US,COZAYH Modern Contemporary Spacious Drawer Nightstand Side Table Retro-Inspired Raised Diamond Motif White,94,$119.99,NIGHT STANDS,2021-04-16 10:34
B08XW8NBD,US,Sorbus Nightstand 1-Drawer Shelf Storage- Bedside Furniture & Accent End Table Chest for Home Bedroom Office College…,95,$36.99,NIGHT STANDS,2021-04-16 10:34
B07F8HHD8,US,Nathan James Oraa Round Wood Nightstand Bedside End or Side Table with Storage Metal Frame with Gray Fabric Basket…,96,$73.10,NIGHT STANDS,2021-04-16 10:34
B08F2R6SS,US,Walker Edison Modern Wood 1 Nightstand with Top Tray Bedroom Storage Drawer and Shelf Bedside End Table Caramel,97,$97.27,NIGHT STANDS,2021-04-16 10:34
B08PDBDN4,US,Yesker Dresser with 8 Drawers for Bedroom - Storage Tower Bedside Furniture & Night Stand End Table Dresser for Home…,98,$86.99,NIGHT STANDS,2021-04-16 10:34
B010S8ZD5,US,South Shore Vito Nightstand Charging Station-Pure Black,99,$158.81,NIGHT STANDS,2021-04-16 10:34
B08PF6X1B,US,White Nightstand Beside Table Modern 2 Drawers LED RGB Light High Gloss Cabinet Side Table End Table for Bedroom Home…,100,$95.99,NIGHT STANDS,2021-04-16 10:34
