,Unnamed: 0,department,URL
0,0,Amazon Devices & Accessories,https://www.amazon.com/Best-Sellers/zgbs/amazon-devices/ref=zg_bs_nav_0/130-0307685-6896668
1,1,Amazon Launchpad,https://www.amazon.com/Best-Sellers-Amazon-Launchpad/zgbs/boost/ref=zg_bs_nav_0/130-0307685-6896668
2,2,Appliances,https://www.amazon.com/Best-Sellers-Appliances/zgbs/appliances/ref=zg_bs_nav_0/130-0307685-6896668
3,3,Apps & Games,https://www.amazon.com/Best-Sellers-Appstore-Android/zgbs/mobile-apps/ref=zg_bs_nav_0/130-0307685-6896668
4,4,"Arts, Crafts & Sewing",https://www.amazon.com/Best-Sellers-Arts-Crafts-Sewing/zgbs/arts-crafts/ref=zg_bs_nav_0/130-0307685-6896668
5,5,Audible Books & Originals,https://www.amazon.com/Best-Sellers-Audible-Audiobooks/zgbs/audible/ref=zg_bs_nav_0/130-0307685-6896668
6,6,Automotive,https://www.amazon.com/Best-Sellers-Automotive/zgbs/automotive/ref=zg_bs_nav_0/130-0307685-6896668
7,7,Baby,https://www.amazon.com/Best-Sellers-Baby/zgbs/baby-products/ref=zg_bs_nav_0/130-0307685-6896668
8,8,Beauty & Personal Care,https://www.amazon.com/Best-Sellers-Beauty/zgbs/beauty/ref=zg_bs_nav_0/130-0307685-6896668
9,9,Books,https://www.amazon.com/best-sellers-books-Amazon/zgbs/books/ref=zg_bs_nav_0/130-0307685-6896668
10,10,CDs & Vinyl,https://www.amazon.com/best-sellers-music-albums/zgbs/music/ref=zg_bs_nav_0/130-0307685-6896668
11,11,Camera & Photo,https://www.amazon.com/best-sellers-camera-photo/zgbs/photo/ref=zg_bs_nav_0/130-0307685-6896668
12,12,Cell Phones & Accessories,https://www.amazon.com/Best-Sellers/zgbs/wireless/ref=zg_bs_nav_0/130-0307685-6896668
13,13,"Clothing, Shoes & Jewelry",https://www.amazon.com/Best-Sellers/zgbs/fashion/ref=zg_bs_nav_0/130-0307685-6896668
14,14,Collectible Currencies,https://www.amazon.com/Best-Sellers-Collectible-Coins/zgbs/coins/ref=zg_bs_nav_0/130-0307685-6896668
15,15,Computers & Accessories,https://www.amazon.com/Best-Sellers-Computers-Accessories/zgbs/pc/ref=zg_bs_nav_0/130-0307685-6896668
16,16,Digital Educational Resources,https://www.amazon.com/Best-Sellers/zgbs/digital-educational-resources/ref=zg_bs_nav_0/130-0307685-6896668
17,17,Digital Music,https://www.amazon.com/Best-Sellers-MP3-Downloads/zgbs/dmusic/ref=zg_bs_nav_0/130-0307685-6896668
18,18,Electronics,https://www.amazon.com/Best-Sellers-Electronics/zgbs/electronics/ref=zg_bs_nav_0/130-0307685-6896668
19,19,Entertainment Collectibles,https://www.amazon.com/Best-Sellers-Entertainment-Collectibles/zgbs/entertainment-collectibles/ref=zg_bs_nav_0/130-0307685-6896668
20,20,Gift Cards,https://www.amazon.com/Best-Sellers-Gift-Cards/zgbs/gift-cards/ref=zg_bs_nav_0/130-0307685-6896668
21,21,Grocery & Gourmet Food,https://www.amazon.com/Best-Sellers-Grocery-Gourmet-Food/zgbs/grocery/ref=zg_bs_nav_0/130-0307685-6896668
22,22,Handmade Products,https://www.amazon.com/Best-Sellers-Handmade/zgbs/handmade/ref=zg_bs_nav_0/130-0307685-6896668
23,23,Health & Household,https://www.amazon.com/Best-Sellers-Health-Personal-Care/zgbs/hpc/ref=zg_bs_nav_0/130-0307685-6896668
24,24,Home & Kitchen,https://www.amazon.com/Best-Sellers-Home-Kitchen/zgbs/home-garden/ref=zg_bs_nav_0/130-0307685-6896668
25,25,Industrial & Scientific,https://www.amazon.com/Best-Sellers-Industrial-Scientific/zgbs/industrial/ref=zg_bs_nav_0/130-0307685-6896668
26,26,Kindle Store,https://www.amazon.com/Best-Sellers-Kindle-Store/zgbs/digital-text/ref=zg_bs_nav_0/130-0307685-6896668
27,27,Kitchen & Dining,https://www.amazon.com/Best-Sellers-Kitchen-Dining/zgbs/kitchen/ref=zg_bs_nav_0/130-0307685-6896668
28,28,Magazine Subscriptions,https://www.amazon.com/Best-Sellers-Magazines/zgbs/magazines/ref=zg_bs_nav_0/130-0307685-6896668
29,29,Movies & TV,https://www.amazon.com/best-sellers-movies-TV-DVD-Blu-ray/zgbs/movies-tv/ref=zg_bs_nav_0/130-0307685-6896668
30,30,Musical Instruments,https://www.amazon.com/Best-Sellers-Musical-Instruments/zgbs/musical-instruments/ref=zg_bs_nav_0/130-0307685-6896668
31,31,Office Products,https://www.amazon.com/Best-Sellers-Office-Products/zgbs/office-products/ref=zg_bs_nav_0/130-0307685-6896668
32,32,"Patio, Lawn & Garden",https://www.amazon.com/Best-Sellers-Garden-Outdoor/zgbs/lawn-garden/ref=zg_bs_nav_0/130-0307685-6896668
33,33,Pet Supplies,https://www.amazon.com/Best-Sellers-Pet-Supplies/zgbs/pet-supplies/ref=zg_bs_nav_0/130-0307685-6896668
34,34,Software,https://www.amazon.com/best-sellers-software/zgbs/software/ref=zg_bs_nav_0/130-0307685-6896668
35,35,Sports & Outdoors,https://www.amazon.com/Best-Sellers-Sports-Outdoors/zgbs/sporting-goods/ref=zg_bs_nav_0/130-0307685-6896668
36,36,Sports Collectibles,https://www.amazon.com/Best-Sellers-Sports-Collectibles/zgbs/sports-collectibles/ref=zg_bs_nav_0/130-0307685-6896668
37,37,Tools & Home Improvement,https://www.amazon.com/Best-Sellers-Home-Improvement/zgbs/hi/ref=zg_bs_nav_0/130-0307685-6896668
38,38,Toys & Games,https://www.amazon.com/Best-Sellers-Toys-Games/zgbs/toys-and-games/ref=zg_bs_nav_0/130-0307685-6896668
39,39,Video Games,https://www.amazon.com/best-sellers-video-games/zgbs/videogames/ref=zg_bs_nav_0/130-0307685-6896668
