,sub_cat,item_name,URL
0,Medical eBooks,When-Breath-Becomes-Paul-Kalanithi-ebook,/When-Breath-Becomes-Paul-Kalanithi-ebook/dp/B00XSSYR50/ref=zg_bs_157119011_1?_encoding=UTF8&psc=1&refRID=DZZQ0WXHAPWW873R51AE
1,Medical eBooks,product-reviews,/product-reviews/B00XSSYR50/ref=zg_bs_157119011_cr_1?ie=UTF8&refRID=DZZQ0WXHAPWW873R51AE
2,Medical eBooks,product-reviews,/product-reviews/B00XSSYR50/ref=zg_bs_157119011_cr_1?ie=UTF8&refRID=DZZQ0WXHAPWW873R51AE
3,Medical eBooks,When-Breath-Becomes-Paul-Kalanithi-ebook,/When-Breath-Becomes-Paul-Kalanithi-ebook/dp/B00XSSYR50/ref=zg_bs_157119011_1?_encoding=UTF8&psc=1&refRID=DZZQ0WXHAPWW873R51AE
4,Medical eBooks,Incognito-Secret-Lives-David-Eagleman-ebook,/Incognito-Secret-Lives-David-Eagleman-ebook/dp/B004J4WK9W/ref=zg_bs_157119011_2?_encoding=UTF8&psc=1&refRID=DZZQ0WXHAPWW873R51AE
5,Medical eBooks,product-reviews,/product-reviews/B004J4WK9W/ref=zg_bs_157119011_cr_2?ie=UTF8&refRID=DZZQ0WXHAPWW873R51AE
6,Medical eBooks,product-reviews,/product-reviews/B004J4WK9W/ref=zg_bs_157119011_cr_2?ie=UTF8&refRID=DZZQ0WXHAPWW873R51AE
7,Medical eBooks,Incognito-Secret-Lives-David-Eagleman-ebook,/Incognito-Secret-Lives-David-Eagleman-ebook/dp/B004J4WK9W/ref=zg_bs_157119011_2?_encoding=UTF8&psc=1&refRID=DZZQ0WXHAPWW873R51AE
8,Medical eBooks,Hot-Zone-Terrifying-Story-Origins-ebook,/Hot-Zone-Terrifying-Story-Origins-ebook/dp/B007DCU4IQ/ref=zg_bs_157119011_3?_encoding=UTF8&psc=1&refRID=DZZQ0WXHAPWW873R51AE
9,Medical eBooks,product-reviews,/product-reviews/B007DCU4IQ/ref=zg_bs_157119011_cr_3?ie=UTF8&refRID=DZZQ0WXHAPWW873R51AE
10,Medical eBooks,product-reviews,/product-reviews/B007DCU4IQ/ref=zg_bs_157119011_cr_3?ie=UTF8&refRID=DZZQ0WXHAPWW873R51AE
11,Medical eBooks,Hot-Zone-Terrifying-Story-Origins-ebook,/Hot-Zone-Terrifying-Story-Origins-ebook/dp/B007DCU4IQ/ref=zg_bs_157119011_3?_encoding=UTF8&psc=1&refRID=DZZQ0WXHAPWW873R51AE
12,Medical eBooks,This-Naked-Mind-Discover-Happiness-ebook,/This-Naked-Mind-Discover-Happiness-ebook/dp/B077VTJC8P/ref=zg_bs_157119011_4?_encoding=UTF8&psc=1&refRID=DZZQ0WXHAPWW873R51AE
13,Medical eBooks,product-reviews,/product-reviews/B077VTJC8P/ref=zg_bs_157119011_cr_4?ie=UTF8&refRID=DZZQ0WXHAPWW873R51AE
14,Medical eBooks,product-reviews,/product-reviews/B077VTJC8P/ref=zg_bs_157119011_cr_4?ie=UTF8&refRID=DZZQ0WXHAPWW873R51AE
15,Medical eBooks,This-Naked-Mind-Discover-Happiness-ebook,/This-Naked-Mind-Discover-Happiness-ebook/dp/B077VTJC8P/ref=zg_bs_157119011_4?_encoding=UTF8&psc=1&refRID=DZZQ0WXHAPWW873R51AE
16,Medical eBooks,,https://www.amazon.com/gp/new-releases/digital-text/157119011/ref=zg_bs_tab_t_bsnr
17,Medical eBooks,,https://www.amazon.com/gp/new-releases/digital-text/157119011/ref=zg_bs_tab_t_bsnr
18,Medical eBooks,This-Your-Brain-Food-Indispensable-ebook,/This-Your-Brain-Food-Indispensable-ebook/dp/B0827TG4N3/ref=zg_bs_157119011_5?_encoding=UTF8&psc=1&refRID=DZZQ0WXHAPWW873R51AE
19,Medical eBooks,product-reviews,/product-reviews/B0827TG4N3/ref=zg_bs_157119011_cr_5?ie=UTF8&refRID=DZZQ0WXHAPWW873R51AE
20,Medical eBooks,product-reviews,/product-reviews/B0827TG4N3/ref=zg_bs_157119011_cr_5?ie=UTF8&refRID=DZZQ0WXHAPWW873R51AE
21,Medical eBooks,This-Your-Brain-Food-Indispensable-ebook,/This-Your-Brain-Food-Indispensable-ebook/dp/B0827TG4N3/ref=zg_bs_157119011_5?_encoding=UTF8&psc=1&refRID=DZZQ0WXHAPWW873R51AE
22,Medical eBooks,Vagina-Bible-Vulva-Separating-Medicine-ebook,/Vagina-Bible-Vulva-Separating-Medicine-ebook/dp/B07L25YWR1/ref=zg_bs_157119011_6?_encoding=UTF8&psc=1&refRID=DZZQ0WXHAPWW873R51AE
23,Medical eBooks,product-reviews,/product-reviews/B07L25YWR1/ref=zg_bs_157119011_cr_6?ie=UTF8&refRID=DZZQ0WXHAPWW873R51AE
24,Medical eBooks,product-reviews,/product-reviews/B07L25YWR1/ref=zg_bs_157119011_cr_6?ie=UTF8&refRID=DZZQ0WXHAPWW873R51AE
25,Medical eBooks,Vagina-Bible-Vulva-Separating-Medicine-ebook,/Vagina-Bible-Vulva-Separating-Medicine-ebook/dp/B07L25YWR1/ref=zg_bs_157119011_6?_encoding=UTF8&psc=1&refRID=DZZQ0WXHAPWW873R51AE
26,Medical eBooks,Childhood-Disrupted-Biography-Becomes-Biology-ebook,/Childhood-Disrupted-Biography-Becomes-Biology-ebook/dp/B00P434AWM/ref=zg_bs_157119011_7?_encoding=UTF8&psc=1&refRID=DZZQ0WXHAPWW873R51AE
27,Medical eBooks,product-reviews,/product-reviews/B00P434AWM/ref=zg_bs_157119011_cr_7?ie=UTF8&refRID=DZZQ0WXHAPWW873R51AE
28,Medical eBooks,product-reviews,/product-reviews/B00P434AWM/ref=zg_bs_157119011_cr_7?ie=UTF8&refRID=DZZQ0WXHAPWW873R51AE
29,Medical eBooks,Childhood-Disrupted-Biography-Becomes-Biology-ebook,/Childhood-Disrupted-Biography-Becomes-Biology-ebook/dp/B00P434AWM/ref=zg_bs_157119011_7?_encoding=UTF8&psc=1&refRID=DZZQ0WXHAPWW873R51AE
30,Medical eBooks,Seven-Half-Lessons-About-Brain-ebook,/Seven-Half-Lessons-About-Brain-ebook/dp/B081TT1V8M/ref=zg_bs_157119011_8?_encoding=UTF8&psc=1&refRID=DZZQ0WXHAPWW873R51AE
31,Medical eBooks,product-reviews,/product-reviews/B081TT1V8M/ref=zg_bs_157119011_cr_8?ie=UTF8&refRID=DZZQ0WXHAPWW873R51AE
32,Medical eBooks,product-reviews,/product-reviews/B081TT1V8M/ref=zg_bs_157119011_cr_8?ie=UTF8&refRID=DZZQ0WXHAPWW873R51AE
33,Medical eBooks,Seven-Half-Lessons-About-Brain-ebook,/Seven-Half-Lessons-About-Brain-ebook/dp/B081TT1V8M/ref=zg_bs_157119011_8?_encoding=UTF8&psc=1&refRID=DZZQ0WXHAPWW873R51AE
34,Medical eBooks,Farmacology-Total-Health-Ground-Up-ebook,/Farmacology-Total-Health-Ground-Up-ebook/dp/B0089LOISW/ref=zg_bs_157119011_9?_encoding=UTF8&psc=1&refRID=DZZQ0WXHAPWW873R51AE
35,Medical eBooks,product-reviews,/product-reviews/B0089LOISW/ref=zg_bs_157119011_cr_9?ie=UTF8&refRID=DZZQ0WXHAPWW873R51AE
36,Medical eBooks,product-reviews,/product-reviews/B0089LOISW/ref=zg_bs_157119011_cr_9?ie=UTF8&refRID=DZZQ0WXHAPWW873R51AE
37,Medical eBooks,Farmacology-Total-Health-Ground-Up-ebook,/Farmacology-Total-Health-Ground-Up-ebook/dp/B0089LOISW/ref=zg_bs_157119011_9?_encoding=UTF8&psc=1&refRID=DZZQ0WXHAPWW873R51AE
38,Medical eBooks,Crisis-Red-Zone-Deadliest-Outbreaks-ebook,/Crisis-Red-Zone-Deadliest-Outbreaks-ebook/dp/B07P8JD666/ref=zg_bs_157119011_10?_encoding=UTF8&psc=1&refRID=DZZQ0WXHAPWW873R51AE
39,Medical eBooks,product-reviews,/product-reviews/B07P8JD666/ref=zg_bs_157119011_cr_10?ie=UTF8&refRID=DZZQ0WXHAPWW873R51AE
40,Medical eBooks,product-reviews,/product-reviews/B07P8JD666/ref=zg_bs_157119011_cr_10?ie=UTF8&refRID=DZZQ0WXHAPWW873R51AE
41,Medical eBooks,Crisis-Red-Zone-Deadliest-Outbreaks-ebook,/Crisis-Red-Zone-Deadliest-Outbreaks-ebook/dp/B07P8JD666/ref=zg_bs_157119011_10?_encoding=UTF8&psc=1&refRID=DZZQ0WXHAPWW873R51AE
42,Medical eBooks,Body-Guide-Occupants-Bill-Bryson-ebook,/Body-Guide-Occupants-Bill-Bryson-ebook/dp/B07M82PNSX/ref=zg_bs_157119011_11?_encoding=UTF8&psc=1&refRID=DZZQ0WXHAPWW873R51AE
43,Medical eBooks,product-reviews,/product-reviews/B07M82PNSX/ref=zg_bs_157119011_cr_11?ie=UTF8&refRID=DZZQ0WXHAPWW873R51AE
44,Medical eBooks,product-reviews,/product-reviews/B07M82PNSX/ref=zg_bs_157119011_cr_11?ie=UTF8&refRID=DZZQ0WXHAPWW873R51AE
45,Medical eBooks,Body-Guide-Occupants-Bill-Bryson-ebook,/Body-Guide-Occupants-Bill-Bryson-ebook/dp/B07M82PNSX/ref=zg_bs_157119011_11?_encoding=UTF8&psc=1&refRID=DZZQ0WXHAPWW873R51AE
46,Medical eBooks,Apollos-Arrow-Profound-Enduring-Coronavirus-ebook,/Apollos-Arrow-Profound-Enduring-Coronavirus-ebook/dp/B0894J4K93/ref=zg_bs_157119011_12?_encoding=UTF8&psc=1&refRID=DZZQ0WXHAPWW873R51AE
47,Medical eBooks,product-reviews,/product-reviews/B0894J4K93/ref=zg_bs_157119011_cr_12?ie=UTF8&refRID=DZZQ0WXHAPWW873R51AE
48,Medical eBooks,product-reviews,/product-reviews/B0894J4K93/ref=zg_bs_157119011_cr_12?ie=UTF8&refRID=DZZQ0WXHAPWW873R51AE
49,Medical eBooks,Apollos-Arrow-Profound-Enduring-Coronavirus-ebook,/Apollos-Arrow-Profound-Enduring-Coronavirus-ebook/dp/B0894J4K93/ref=zg_bs_157119011_12?_encoding=UTF8&psc=1&refRID=DZZQ0WXHAPWW873R51AE
50,Medical eBooks,Elderhood-Redefining-Transforming-Medicine-Reimagining-ebook,/Elderhood-Redefining-Transforming-Medicine-Reimagining-ebook/dp/B07QLN3Z8J/ref=zg_bs_157119011_13?_encoding=UTF8&psc=1&refRID=DZZQ0WXHAPWW873R51AE
51,Medical eBooks,product-reviews,/product-reviews/B07QLN3Z8J/ref=zg_bs_157119011_cr_13?ie=UTF8&refRID=DZZQ0WXHAPWW873R51AE
52,Medical eBooks,product-reviews,/product-reviews/B07QLN3Z8J/ref=zg_bs_157119011_cr_13?ie=UTF8&refRID=DZZQ0WXHAPWW873R51AE
53,Medical eBooks,Elderhood-Redefining-Transforming-Medicine-Reimagining-ebook,/Elderhood-Redefining-Transforming-Medicine-Reimagining-ebook/dp/B07QLN3Z8J/ref=zg_bs_157119011_13?_encoding=UTF8&psc=1&refRID=DZZQ0WXHAPWW873R51AE
54,Medical eBooks,Diagnosis-Solving-Baffling-Medical-Mysteries-ebook,/Diagnosis-Solving-Baffling-Medical-Mysteries-ebook/dp/B07RXFYJ32/ref=zg_bs_157119011_14?_encoding=UTF8&psc=1&refRID=DZZQ0WXHAPWW873R51AE
55,Medical eBooks,product-reviews,/product-reviews/B07RXFYJ32/ref=zg_bs_157119011_cr_14?ie=UTF8&refRID=DZZQ0WXHAPWW873R51AE
56,Medical eBooks,product-reviews,/product-reviews/B07RXFYJ32/ref=zg_bs_157119011_cr_14?ie=UTF8&refRID=DZZQ0WXHAPWW873R51AE
57,Medical eBooks,Diagnosis-Solving-Baffling-Medical-Mysteries-ebook,/Diagnosis-Solving-Baffling-Medical-Mysteries-ebook/dp/B07RXFYJ32/ref=zg_bs_157119011_14?_encoding=UTF8&psc=1&refRID=DZZQ0WXHAPWW873R51AE
58,Medical eBooks,Unreported-Truths-About-Covid-19-Lockdowns-ebook,/Unreported-Truths-About-Covid-19-Lockdowns-ebook/dp/B08ZVV4KNB/ref=zg_bs_157119011_15?_encoding=UTF8&psc=1&refRID=DZZQ0WXHAPWW873R51AE
59,Medical eBooks,product-reviews,/product-reviews/B08ZVV4KNB/ref=zg_bs_157119011_cr_15?ie=UTF8&refRID=DZZQ0WXHAPWW873R51AE
60,Medical eBooks,product-reviews,/product-reviews/B08ZVV4KNB/ref=zg_bs_157119011_cr_15?ie=UTF8&refRID=DZZQ0WXHAPWW873R51AE
61,Medical eBooks,Unreported-Truths-About-Covid-19-Lockdowns-ebook,/Unreported-Truths-About-Covid-19-Lockdowns-ebook/dp/B08ZVV4KNB/ref=zg_bs_157119011_15?_encoding=UTF8&psc=1&refRID=DZZQ0WXHAPWW873R51AE
62,Medical eBooks,Body-Keeps-Score-Healing-Trauma-ebook,/Body-Keeps-Score-Healing-Trauma-ebook/dp/B00G3L1C2K/ref=zg_bs_157119011_16?_encoding=UTF8&psc=1&refRID=DZZQ0WXHAPWW873R51AE
63,Medical eBooks,product-reviews,/product-reviews/B00G3L1C2K/ref=zg_bs_157119011_cr_16?ie=UTF8&refRID=DZZQ0WXHAPWW873R51AE
64,Medical eBooks,product-reviews,/product-reviews/B00G3L1C2K/ref=zg_bs_157119011_cr_16?ie=UTF8&refRID=DZZQ0WXHAPWW873R51AE
65,Medical eBooks,Body-Keeps-Score-Healing-Trauma-ebook,/Body-Keeps-Score-Healing-Trauma-ebook/dp/B00G3L1C2K/ref=zg_bs_157119011_16?_encoding=UTF8&psc=1&refRID=DZZQ0WXHAPWW873R51AE
66,Medical eBooks,Doctors-Secret-Baby-Enemies-Brothers-ebook,/Doctors-Secret-Baby-Enemies-Brothers-ebook/dp/B08WJTB7DD/ref=zg_bs_157119011_17?_encoding=UTF8&psc=1&refRID=DZZQ0WXHAPWW873R51AE
67,Medical eBooks,product-reviews,/product-reviews/B08WJTB7DD/ref=zg_bs_157119011_cr_17?ie=UTF8&refRID=DZZQ0WXHAPWW873R51AE
68,Medical eBooks,product-reviews,/product-reviews/B08WJTB7DD/ref=zg_bs_157119011_cr_17?ie=UTF8&refRID=DZZQ0WXHAPWW873R51AE
69,Medical eBooks,Doctors-Secret-Baby-Enemies-Brothers-ebook,/Doctors-Secret-Baby-Enemies-Brothers-ebook/dp/B08WJTB7DD/ref=zg_bs_157119011_17?_encoding=UTF8&psc=1&refRID=DZZQ0WXHAPWW873R51AE
70,Medical eBooks,Dont-This-Youre-Taking-That-ebook,/Dont-This-Youre-Taking-That-ebook/dp/B01MYLYB8N/ref=zg_bs_157119011_18?_encoding=UTF8&psc=1&refRID=DZZQ0WXHAPWW873R51AE
71,Medical eBooks,product-reviews,/product-reviews/B01MYLYB8N/ref=zg_bs_157119011_cr_18?ie=UTF8&refRID=DZZQ0WXHAPWW873R51AE
72,Medical eBooks,product-reviews,/product-reviews/B01MYLYB8N/ref=zg_bs_157119011_cr_18?ie=UTF8&refRID=DZZQ0WXHAPWW873R51AE
73,Medical eBooks,Dont-This-Youre-Taking-That-ebook,/Dont-This-Youre-Taking-That-ebook/dp/B01MYLYB8N/ref=zg_bs_157119011_18?_encoding=UTF8&psc=1&refRID=DZZQ0WXHAPWW873R51AE
74,Medical eBooks,Chasing-Scream-First-Last-Drugs-ebook,/Chasing-Scream-First-Last-Drugs-ebook/dp/B00OZM4ANM/ref=zg_bs_157119011_19?_encoding=UTF8&psc=1&refRID=DZZQ0WXHAPWW873R51AE
75,Medical eBooks,product-reviews,/product-reviews/B00OZM4ANM/ref=zg_bs_157119011_cr_19?ie=UTF8&refRID=DZZQ0WXHAPWW873R51AE
76,Medical eBooks,product-reviews,/product-reviews/B00OZM4ANM/ref=zg_bs_157119011_cr_19?ie=UTF8&refRID=DZZQ0WXHAPWW873R51AE
77,Medical eBooks,Chasing-Scream-First-Last-Drugs-ebook,/Chasing-Scream-First-Last-Drugs-ebook/dp/B00OZM4ANM/ref=zg_bs_157119011_19?_encoding=UTF8&psc=1&refRID=DZZQ0WXHAPWW873R51AE
78,Medical eBooks,Premonition-Pandemic-Story-Michael-Lewis-ebook,/Premonition-Pandemic-Story-Michael-Lewis-ebook/dp/B08V91YY8R/ref=zg_bs_157119011_20?_encoding=UTF8&psc=1&refRID=DZZQ0WXHAPWW873R51AE
79,Medical eBooks,Premonition-Pandemic-Story-Michael-Lewis-ebook,/Premonition-Pandemic-Story-Michael-Lewis-ebook/dp/B08V91YY8R/ref=zg_bs_157119011_20?_encoding=UTF8&psc=1&refRID=DZZQ0WXHAPWW873R51AE
80,Medical eBooks,Complete-Diabetes-Cookbook-Healthy-Foods-ebook,/Complete-Diabetes-Cookbook-Healthy-Foods-ebook/dp/B07F5ZMTWY/ref=zg_bs_157119011_21?_encoding=UTF8&psc=1&refRID=DZZQ0WXHAPWW873R51AE
81,Medical eBooks,product-reviews,/product-reviews/B07F5ZMTWY/ref=zg_bs_157119011_cr_21?ie=UTF8&refRID=DZZQ0WXHAPWW873R51AE
82,Medical eBooks,product-reviews,/product-reviews/B07F5ZMTWY/ref=zg_bs_157119011_cr_21?ie=UTF8&refRID=DZZQ0WXHAPWW873R51AE
83,Medical eBooks,Complete-Diabetes-Cookbook-Healthy-Foods-ebook,/Complete-Diabetes-Cookbook-Healthy-Foods-ebook/dp/B07F5ZMTWY/ref=zg_bs_157119011_21?_encoding=UTF8&psc=1&refRID=DZZQ0WXHAPWW873R51AE
84,Medical eBooks,Obesity-Code-Unlocking-Secrets-Weight-ebook,/Obesity-Code-Unlocking-Secrets-Weight-ebook/dp/B01C6D0LCK/ref=zg_bs_157119011_22?_encoding=UTF8&psc=1&refRID=DZZQ0WXHAPWW873R51AE
85,Medical eBooks,product-reviews,/product-reviews/B01C6D0LCK/ref=zg_bs_157119011_cr_22?ie=UTF8&refRID=DZZQ0WXHAPWW873R51AE
86,Medical eBooks,product-reviews,/product-reviews/B01C6D0LCK/ref=zg_bs_157119011_cr_22?ie=UTF8&refRID=DZZQ0WXHAPWW873R51AE
87,Medical eBooks,Obesity-Code-Unlocking-Secrets-Weight-ebook,/Obesity-Code-Unlocking-Secrets-Weight-ebook/dp/B01C6D0LCK/ref=zg_bs_157119011_22?_encoding=UTF8&psc=1&refRID=DZZQ0WXHAPWW873R51AE
88,Medical eBooks,Truth-About-COVID-19-Lockdowns-Passports-ebook,/Truth-About-COVID-19-Lockdowns-Passports-ebook/dp/B08WRDXLVY/ref=zg_bs_157119011_23?_encoding=UTF8&psc=1&refRID=DZZQ0WXHAPWW873R51AE
89,Medical eBooks,Truth-About-COVID-19-Lockdowns-Passports-ebook,/Truth-About-COVID-19-Lockdowns-Passports-ebook/dp/B08WRDXLVY/ref=zg_bs_157119011_23?_encoding=UTF8&psc=1&refRID=DZZQ0WXHAPWW873R51AE
90,Medical eBooks,Untitled-Flatiron-Nonfiction-Winter-9781250223180-ebook,/Untitled-Flatiron-Nonfiction-Winter-9781250223180-ebook/dp/B087D5YQXB/ref=zg_bs_157119011_24?_encoding=UTF8&psc=1&refRID=DZZQ0WXHAPWW873R51AE
91,Medical eBooks,Untitled-Flatiron-Nonfiction-Winter-9781250223180-ebook,/Untitled-Flatiron-Nonfiction-Winter-9781250223180-ebook/dp/B087D5YQXB/ref=zg_bs_157119011_24?_encoding=UTF8&psc=1&refRID=DZZQ0WXHAPWW873R51AE
92,Medical eBooks,Themes-Variations-David-Sedaris-ebook,/Themes-Variations-David-Sedaris-ebook/dp/B0854JB35Q/ref=zg_bs_157119011_25?_encoding=UTF8&psc=1&refRID=DZZQ0WXHAPWW873R51AE
93,Medical eBooks,product-reviews,/product-reviews/B0854JB35Q/ref=zg_bs_157119011_cr_25?ie=UTF8&refRID=DZZQ0WXHAPWW873R51AE
94,Medical eBooks,product-reviews,/product-reviews/B0854JB35Q/ref=zg_bs_157119011_cr_25?ie=UTF8&refRID=DZZQ0WXHAPWW873R51AE
95,Medical eBooks,Themes-Variations-David-Sedaris-ebook,/Themes-Variations-David-Sedaris-ebook/dp/B0854JB35Q/ref=zg_bs_157119011_25?_encoding=UTF8&psc=1&refRID=DZZQ0WXHAPWW873R51AE
96,Medical eBooks,Liberated-Mind-Pivot-Toward-Matters-ebook,/Liberated-Mind-Pivot-Toward-Matters-ebook/dp/B07LDSPRYM/ref=zg_bs_157119011_26?_encoding=UTF8&psc=1&refRID=DZZQ0WXHAPWW873R51AE
97,Medical eBooks,product-reviews,/product-reviews/B07LDSPRYM/ref=zg_bs_157119011_cr_26?ie=UTF8&refRID=DZZQ0WXHAPWW873R51AE
98,Medical eBooks,product-reviews,/product-reviews/B07LDSPRYM/ref=zg_bs_157119011_cr_26?ie=UTF8&refRID=DZZQ0WXHAPWW873R51AE
99,Medical eBooks,Liberated-Mind-Pivot-Toward-Matters-ebook,/Liberated-Mind-Pivot-Toward-Matters-ebook/dp/B07LDSPRYM/ref=zg_bs_157119011_26?_encoding=UTF8&psc=1&refRID=DZZQ0WXHAPWW873R51AE
100,Medical eBooks,Pandemics-Fears-Facts-Kindle-Single-ebook,/Pandemics-Fears-Facts-Kindle-Single-ebook/dp/B00CORE364/ref=zg_bs_157119011_27?_encoding=UTF8&psc=1&refRID=DZZQ0WXHAPWW873R51AE
101,Medical eBooks,product-reviews,/product-reviews/B00CORE364/ref=zg_bs_157119011_cr_27?ie=UTF8&refRID=DZZQ0WXHAPWW873R51AE
102,Medical eBooks,product-reviews,/product-reviews/B00CORE364/ref=zg_bs_157119011_cr_27?ie=UTF8&refRID=DZZQ0WXHAPWW873R51AE
103,Medical eBooks,Pandemics-Fears-Facts-Kindle-Single-ebook,/Pandemics-Fears-Facts-Kindle-Single-ebook/dp/B00CORE364/ref=zg_bs_157119011_27?_encoding=UTF8&psc=1&refRID=DZZQ0WXHAPWW873R51AE
104,Medical eBooks,After-Doctor-Explores-Near-Death-Experiences-ebook,/After-Doctor-Explores-Near-Death-Experiences-ebook/dp/B08BYDT3KL/ref=zg_bs_157119011_28?_encoding=UTF8&psc=1&refRID=DZZQ0WXHAPWW873R51AE
105,Medical eBooks,product-reviews,/product-reviews/B08BYDT3KL/ref=zg_bs_157119011_cr_28?ie=UTF8&refRID=DZZQ0WXHAPWW873R51AE
106,Medical eBooks,product-reviews,/product-reviews/B08BYDT3KL/ref=zg_bs_157119011_cr_28?ie=UTF8&refRID=DZZQ0WXHAPWW873R51AE
107,Medical eBooks,After-Doctor-Explores-Near-Death-Experiences-ebook,/After-Doctor-Explores-Near-Death-Experiences-ebook/dp/B08BYDT3KL/ref=zg_bs_157119011_28?_encoding=UTF8&psc=1&refRID=DZZQ0WXHAPWW873R51AE
108,Medical eBooks,Why-We-Sleep-Unlocking-Dreams-ebook,/Why-We-Sleep-Unlocking-Dreams-ebook/dp/B06ZZ1YGJ5/ref=zg_bs_157119011_29?_encoding=UTF8&psc=1&refRID=DZZQ0WXHAPWW873R51AE
109,Medical eBooks,product-reviews,/product-reviews/B06ZZ1YGJ5/ref=zg_bs_157119011_cr_29?ie=UTF8&refRID=DZZQ0WXHAPWW873R51AE
110,Medical eBooks,product-reviews,/product-reviews/B06ZZ1YGJ5/ref=zg_bs_157119011_cr_29?ie=UTF8&refRID=DZZQ0WXHAPWW873R51AE
111,Medical eBooks,Why-We-Sleep-Unlocking-Dreams-ebook,/Why-We-Sleep-Unlocking-Dreams-ebook/dp/B06ZZ1YGJ5/ref=zg_bs_157119011_29?_encoding=UTF8&psc=1&refRID=DZZQ0WXHAPWW873R51AE
112,Medical eBooks,Radium-Girls-Story-Americas-Shining-ebook,/Radium-Girls-Story-Americas-Shining-ebook/dp/B01N7KMS7X/ref=zg_bs_157119011_30?_encoding=UTF8&psc=1&refRID=DZZQ0WXHAPWW873R51AE
113,Medical eBooks,product-reviews,/product-reviews/B01N7KMS7X/ref=zg_bs_157119011_cr_30?ie=UTF8&refRID=DZZQ0WXHAPWW873R51AE
114,Medical eBooks,product-reviews,/product-reviews/B01N7KMS7X/ref=zg_bs_157119011_cr_30?ie=UTF8&refRID=DZZQ0WXHAPWW873R51AE
115,Medical eBooks,Radium-Girls-Story-Americas-Shining-ebook,/Radium-Girls-Story-Americas-Shining-ebook/dp/B01N7KMS7X/ref=zg_bs_157119011_30?_encoding=UTF8&psc=1&refRID=DZZQ0WXHAPWW873R51AE
116,Medical eBooks,Diabetes-Code-Prevent-Reverse-Naturally-ebook,/Diabetes-Code-Prevent-Reverse-Naturally-ebook/dp/B0795BLS8D/ref=zg_bs_157119011_31?_encoding=UTF8&psc=1&refRID=DZZQ0WXHAPWW873R51AE
117,Medical eBooks,product-reviews,/product-reviews/B0795BLS8D/ref=zg_bs_157119011_cr_31?ie=UTF8&refRID=DZZQ0WXHAPWW873R51AE
118,Medical eBooks,product-reviews,/product-reviews/B0795BLS8D/ref=zg_bs_157119011_cr_31?ie=UTF8&refRID=DZZQ0WXHAPWW873R51AE
119,Medical eBooks,Diabetes-Code-Prevent-Reverse-Naturally-ebook,/Diabetes-Code-Prevent-Reverse-Naturally-ebook/dp/B0795BLS8D/ref=zg_bs_157119011_31?_encoding=UTF8&psc=1&refRID=DZZQ0WXHAPWW873R51AE
120,Medical eBooks,Fiber-Fueled-Plant-Based-Optimizing-Microbiome-ebook,/Fiber-Fueled-Plant-Based-Optimizing-Microbiome-ebook/dp/B07ZY7J2XW/ref=zg_bs_157119011_32?_encoding=UTF8&psc=1&refRID=DZZQ0WXHAPWW873R51AE
121,Medical eBooks,product-reviews,/product-reviews/B07ZY7J2XW/ref=zg_bs_157119011_cr_32?ie=UTF8&refRID=DZZQ0WXHAPWW873R51AE
122,Medical eBooks,product-reviews,/product-reviews/B07ZY7J2XW/ref=zg_bs_157119011_cr_32?ie=UTF8&refRID=DZZQ0WXHAPWW873R51AE
123,Medical eBooks,Fiber-Fueled-Plant-Based-Optimizing-Microbiome-ebook,/Fiber-Fueled-Plant-Based-Optimizing-Microbiome-ebook/dp/B07ZY7J2XW/ref=zg_bs_157119011_32?_encoding=UTF8&psc=1&refRID=DZZQ0WXHAPWW873R51AE
124,Medical eBooks,Unreported-Truths-About-Covid-19-Lockdowns-ebook,/Unreported-Truths-About-Covid-19-Lockdowns-ebook/dp/B08P3T15PW/ref=zg_bs_157119011_33?_encoding=UTF8&psc=1&refRID=DZZQ0WXHAPWW873R51AE
125,Medical eBooks,product-reviews,/product-reviews/B08P3T15PW/ref=zg_bs_157119011_cr_33?ie=UTF8&refRID=DZZQ0WXHAPWW873R51AE
126,Medical eBooks,product-reviews,/product-reviews/B08P3T15PW/ref=zg_bs_157119011_cr_33?ie=UTF8&refRID=DZZQ0WXHAPWW873R51AE
127,Medical eBooks,Unreported-Truths-About-Covid-19-Lockdowns-ebook,/Unreported-Truths-About-Covid-19-Lockdowns-ebook/dp/B08P3T15PW/ref=zg_bs_157119011_33?_encoding=UTF8&psc=1&refRID=DZZQ0WXHAPWW873R51AE
128,Medical eBooks,Ageless-Science-Getting-Older-Without-ebook,/Ageless-Science-Getting-Older-Without-ebook/dp/B07X8D3D9X/ref=zg_bs_157119011_34?_encoding=UTF8&psc=1&refRID=DZZQ0WXHAPWW873R51AE
129,Medical eBooks,product-reviews,/product-reviews/B07X8D3D9X/ref=zg_bs_157119011_cr_34?ie=UTF8&refRID=DZZQ0WXHAPWW873R51AE
130,Medical eBooks,product-reviews,/product-reviews/B07X8D3D9X/ref=zg_bs_157119011_cr_34?ie=UTF8&refRID=DZZQ0WXHAPWW873R51AE
131,Medical eBooks,Ageless-Science-Getting-Older-Without-ebook,/Ageless-Science-Getting-Older-Without-ebook/dp/B07X8D3D9X/ref=zg_bs_157119011_34?_encoding=UTF8&psc=1&refRID=DZZQ0WXHAPWW873R51AE
132,Medical eBooks,Change-Your-Mind-Consciousness-Transcendence-ebook,/Change-Your-Mind-Consciousness-Transcendence-ebook/dp/B076GPJXWZ/ref=zg_bs_157119011_35?_encoding=UTF8&psc=1&refRID=DZZQ0WXHAPWW873R51AE
133,Medical eBooks,product-reviews,/product-reviews/B076GPJXWZ/ref=zg_bs_157119011_cr_35?ie=UTF8&refRID=DZZQ0WXHAPWW873R51AE
134,Medical eBooks,product-reviews,/product-reviews/B076GPJXWZ/ref=zg_bs_157119011_cr_35?ie=UTF8&refRID=DZZQ0WXHAPWW873R51AE
135,Medical eBooks,Change-Your-Mind-Consciousness-Transcendence-ebook,/Change-Your-Mind-Consciousness-Transcendence-ebook/dp/B076GPJXWZ/ref=zg_bs_157119011_35?_encoding=UTF8&psc=1&refRID=DZZQ0WXHAPWW873R51AE
136,Medical eBooks,Cognitive-Behavioral-Therapy-Made-Simple-ebook,/Cognitive-Behavioral-Therapy-Made-Simple-ebook/dp/B07CH2PS4K/ref=zg_bs_157119011_36?_encoding=UTF8&psc=1&refRID=DZZQ0WXHAPWW873R51AE
137,Medical eBooks,product-reviews,/product-reviews/B07CH2PS4K/ref=zg_bs_157119011_cr_36?ie=UTF8&refRID=DZZQ0WXHAPWW873R51AE
138,Medical eBooks,product-reviews,/product-reviews/B07CH2PS4K/ref=zg_bs_157119011_cr_36?ie=UTF8&refRID=DZZQ0WXHAPWW873R51AE
139,Medical eBooks,Cognitive-Behavioral-Therapy-Made-Simple-ebook,/Cognitive-Behavioral-Therapy-Made-Simple-ebook/dp/B07CH2PS4K/ref=zg_bs_157119011_36?_encoding=UTF8&psc=1&refRID=DZZQ0WXHAPWW873R51AE
140,Medical eBooks,Unreported-Truths-About-Covid-19-Lockdowns-ebook,/Unreported-Truths-About-Covid-19-Lockdowns-ebook/dp/B08QND25GL/ref=zg_bs_157119011_37?_encoding=UTF8&psc=1&refRID=DZZQ0WXHAPWW873R51AE
141,Medical eBooks,product-reviews,/product-reviews/B08QND25GL/ref=zg_bs_157119011_cr_37?ie=UTF8&refRID=DZZQ0WXHAPWW873R51AE
142,Medical eBooks,product-reviews,/product-reviews/B08QND25GL/ref=zg_bs_157119011_cr_37?ie=UTF8&refRID=DZZQ0WXHAPWW873R51AE
143,Medical eBooks,Unreported-Truths-About-Covid-19-Lockdowns-ebook,/Unreported-Truths-About-Covid-19-Lockdowns-ebook/dp/B08QND25GL/ref=zg_bs_157119011_37?_encoding=UTF8&psc=1&refRID=DZZQ0WXHAPWW873R51AE
144,Medical eBooks,Strange-Case-Dr-Couney-Mysterious-ebook,/Strange-Case-Dr-Couney-Mysterious-ebook/dp/B072QVDK1Y/ref=zg_bs_157119011_38?_encoding=UTF8&psc=1&refRID=DZZQ0WXHAPWW873R51AE
145,Medical eBooks,product-reviews,/product-reviews/B072QVDK1Y/ref=zg_bs_157119011_cr_38?ie=UTF8&refRID=DZZQ0WXHAPWW873R51AE
146,Medical eBooks,product-reviews,/product-reviews/B072QVDK1Y/ref=zg_bs_157119011_cr_38?ie=UTF8&refRID=DZZQ0WXHAPWW873R51AE
147,Medical eBooks,Strange-Case-Dr-Couney-Mysterious-ebook,/Strange-Case-Dr-Couney-Mysterious-ebook/dp/B072QVDK1Y/ref=zg_bs_157119011_38?_encoding=UTF8&psc=1&refRID=DZZQ0WXHAPWW873R51AE
148,Medical eBooks,Unhackable-Leveraging-Superhuman-Achieving-Performance-ebook,/Unhackable-Leveraging-Superhuman-Achieving-Performance-ebook/dp/B08R28T4VP/ref=zg_bs_157119011_39?_encoding=UTF8&psc=1&refRID=DZZQ0WXHAPWW873R51AE
149,Medical eBooks,product-reviews,/product-reviews/B08R28T4VP/ref=zg_bs_157119011_cr_39?ie=UTF8&refRID=DZZQ0WXHAPWW873R51AE
150,Medical eBooks,product-reviews,/product-reviews/B08R28T4VP/ref=zg_bs_157119011_cr_39?ie=UTF8&refRID=DZZQ0WXHAPWW873R51AE
151,Medical eBooks,Unhackable-Leveraging-Superhuman-Achieving-Performance-ebook,/Unhackable-Leveraging-Superhuman-Achieving-Performance-ebook/dp/B08R28T4VP/ref=zg_bs_157119011_39?_encoding=UTF8&psc=1&refRID=DZZQ0WXHAPWW873R51AE
152,Medical eBooks,Chatter-Voice-Head-Matters-Harness-ebook,/Chatter-Voice-Head-Matters-Harness-ebook/dp/B087PL8YVQ/ref=zg_bs_157119011_40?_encoding=UTF8&psc=1&refRID=DZZQ0WXHAPWW873R51AE
153,Medical eBooks,product-reviews,/product-reviews/B087PL8YVQ/ref=zg_bs_157119011_cr_40?ie=UTF8&refRID=DZZQ0WXHAPWW873R51AE
154,Medical eBooks,product-reviews,/product-reviews/B087PL8YVQ/ref=zg_bs_157119011_cr_40?ie=UTF8&refRID=DZZQ0WXHAPWW873R51AE
155,Medical eBooks,Chatter-Voice-Head-Matters-Harness-ebook,/Chatter-Voice-Head-Matters-Harness-ebook/dp/B087PL8YVQ/ref=zg_bs_157119011_40?_encoding=UTF8&psc=1&refRID=DZZQ0WXHAPWW873R51AE
156,Medical eBooks,Chasing-Cupcakes-Broke-Girl-Transformed-ebook,/Chasing-Cupcakes-Broke-Girl-Transformed-ebook/dp/B07LCCH7YC/ref=zg_bs_157119011_41?_encoding=UTF8&psc=1&refRID=DZZQ0WXHAPWW873R51AE
157,Medical eBooks,product-reviews,/product-reviews/B07LCCH7YC/ref=zg_bs_157119011_cr_41?ie=UTF8&refRID=DZZQ0WXHAPWW873R51AE
158,Medical eBooks,product-reviews,/product-reviews/B07LCCH7YC/ref=zg_bs_157119011_cr_41?ie=UTF8&refRID=DZZQ0WXHAPWW873R51AE
159,Medical eBooks,Chasing-Cupcakes-Broke-Girl-Transformed-ebook,/Chasing-Cupcakes-Broke-Girl-Transformed-ebook/dp/B07LCCH7YC/ref=zg_bs_157119011_41?_encoding=UTF8&psc=1&refRID=DZZQ0WXHAPWW873R51AE
160,Medical eBooks,Being-Mortal-Medicine-What-Matters-ebook,/Being-Mortal-Medicine-What-Matters-ebook/dp/B00JCW0BCY/ref=zg_bs_157119011_42?_encoding=UTF8&psc=1&refRID=DZZQ0WXHAPWW873R51AE
161,Medical eBooks,product-reviews,/product-reviews/B00JCW0BCY/ref=zg_bs_157119011_cr_42?ie=UTF8&refRID=DZZQ0WXHAPWW873R51AE
162,Medical eBooks,product-reviews,/product-reviews/B00JCW0BCY/ref=zg_bs_157119011_cr_42?ie=UTF8&refRID=DZZQ0WXHAPWW873R51AE
163,Medical eBooks,Being-Mortal-Medicine-What-Matters-ebook,/Being-Mortal-Medicine-What-Matters-ebook/dp/B00JCW0BCY/ref=zg_bs_157119011_42?_encoding=UTF8&psc=1&refRID=DZZQ0WXHAPWW873R51AE
164,Medical eBooks,Diagnostic-Statistical-Manual-Mental-Disorders-ebook,/Diagnostic-Statistical-Manual-Mental-Disorders-ebook/dp/B08YRBC5BF/ref=zg_bs_157119011_43?_encoding=UTF8&psc=1&refRID=DZZQ0WXHAPWW873R51AE
165,Medical eBooks,product-reviews,/product-reviews/B08YRBC5BF/ref=zg_bs_157119011_cr_43?ie=UTF8&refRID=DZZQ0WXHAPWW873R51AE
166,Medical eBooks,product-reviews,/product-reviews/B08YRBC5BF/ref=zg_bs_157119011_cr_43?ie=UTF8&refRID=DZZQ0WXHAPWW873R51AE
167,Medical eBooks,Diagnostic-Statistical-Manual-Mental-Disorders-ebook,/Diagnostic-Statistical-Manual-Mental-Disorders-ebook/dp/B08YRBC5BF/ref=zg_bs_157119011_43?_encoding=UTF8&psc=1&refRID=DZZQ0WXHAPWW873R51AE
168,Medical eBooks,Dr-Disasters-Guide-Surviving-Everything-ebook,/Dr-Disasters-Guide-Surviving-Everything-ebook/dp/B08SGP47R5/ref=zg_bs_157119011_44?_encoding=UTF8&psc=1&refRID=DZZQ0WXHAPWW873R51AE
169,Medical eBooks,product-reviews,/product-reviews/B08SGP47R5/ref=zg_bs_157119011_cr_44?ie=UTF8&refRID=DZZQ0WXHAPWW873R51AE
170,Medical eBooks,product-reviews,/product-reviews/B08SGP47R5/ref=zg_bs_157119011_cr_44?ie=UTF8&refRID=DZZQ0WXHAPWW873R51AE
171,Medical eBooks,Dr-Disasters-Guide-Surviving-Everything-ebook,/Dr-Disasters-Guide-Surviving-Everything-ebook/dp/B08SGP47R5/ref=zg_bs_157119011_44?_encoding=UTF8&psc=1&refRID=DZZQ0WXHAPWW873R51AE
172,Medical eBooks,Diabetic-Cookbook-Meal-Newly-Diagnosed-ebook,/Diabetic-Cookbook-Meal-Newly-Diagnosed-ebook/dp/B07CZSYHGF/ref=zg_bs_157119011_45?_encoding=UTF8&psc=1&refRID=DZZQ0WXHAPWW873R51AE
173,Medical eBooks,product-reviews,/product-reviews/B07CZSYHGF/ref=zg_bs_157119011_cr_45?ie=UTF8&refRID=DZZQ0WXHAPWW873R51AE
174,Medical eBooks,product-reviews,/product-reviews/B07CZSYHGF/ref=zg_bs_157119011_cr_45?ie=UTF8&refRID=DZZQ0WXHAPWW873R51AE
175,Medical eBooks,Diabetic-Cookbook-Meal-Newly-Diagnosed-ebook,/Diabetic-Cookbook-Meal-Newly-Diagnosed-ebook/dp/B07CZSYHGF/ref=zg_bs_157119011_45?_encoding=UTF8&psc=1&refRID=DZZQ0WXHAPWW873R51AE
176,Medical eBooks,Hospital-Death-Dollars-Small-American-ebook,/Hospital-Death-Dollars-Small-American-ebook/dp/B08BYBYYKN/ref=zg_bs_157119011_46?_encoding=UTF8&psc=1&refRID=DZZQ0WXHAPWW873R51AE
177,Medical eBooks,product-reviews,/product-reviews/B08BYBYYKN/ref=zg_bs_157119011_cr_46?ie=UTF8&refRID=DZZQ0WXHAPWW873R51AE
178,Medical eBooks,product-reviews,/product-reviews/B08BYBYYKN/ref=zg_bs_157119011_cr_46?ie=UTF8&refRID=DZZQ0WXHAPWW873R51AE
179,Medical eBooks,Hospital-Death-Dollars-Small-American-ebook,/Hospital-Death-Dollars-Small-American-ebook/dp/B08BYBYYKN/ref=zg_bs_157119011_46?_encoding=UTF8&psc=1&refRID=DZZQ0WXHAPWW873R51AE
180,Medical eBooks,Best-New-True-Crime-Stories-ebook,/Best-New-True-Crime-Stories-ebook/dp/B085QDD134/ref=zg_bs_157119011_47?_encoding=UTF8&psc=1&refRID=DZZQ0WXHAPWW873R51AE
181,Medical eBooks,product-reviews,/product-reviews/B085QDD134/ref=zg_bs_157119011_cr_47?ie=UTF8&refRID=DZZQ0WXHAPWW873R51AE
182,Medical eBooks,product-reviews,/product-reviews/B085QDD134/ref=zg_bs_157119011_cr_47?ie=UTF8&refRID=DZZQ0WXHAPWW873R51AE
183,Medical eBooks,Best-New-True-Crime-Stories-ebook,/Best-New-True-Crime-Stories-ebook/dp/B085QDD134/ref=zg_bs_157119011_47?_encoding=UTF8&psc=1&refRID=DZZQ0WXHAPWW873R51AE
184,Medical eBooks,COVID-19-Lockdowns-Second-Michael-Betrus-ebook,/COVID-19-Lockdowns-Second-Michael-Betrus-ebook/dp/B08NTGM131/ref=zg_bs_157119011_48?_encoding=UTF8&psc=1&refRID=DZZQ0WXHAPWW873R51AE
185,Medical eBooks,product-reviews,/product-reviews/B08NTGM131/ref=zg_bs_157119011_cr_48?ie=UTF8&refRID=DZZQ0WXHAPWW873R51AE
186,Medical eBooks,product-reviews,/product-reviews/B08NTGM131/ref=zg_bs_157119011_cr_48?ie=UTF8&refRID=DZZQ0WXHAPWW873R51AE
187,Medical eBooks,COVID-19-Lockdowns-Second-Michael-Betrus-ebook,/COVID-19-Lockdowns-Second-Michael-Betrus-ebook/dp/B08NTGM131/ref=zg_bs_157119011_48?_encoding=UTF8&psc=1&refRID=DZZQ0WXHAPWW873R51AE
188,Medical eBooks,Great-Influenza-Deadliest-Pandemic-History-ebook,/Great-Influenza-Deadliest-Pandemic-History-ebook/dp/B000OCXFWE/ref=zg_bs_157119011_49?_encoding=UTF8&psc=1&refRID=DZZQ0WXHAPWW873R51AE
189,Medical eBooks,product-reviews,/product-reviews/B000OCXFWE/ref=zg_bs_157119011_cr_49?ie=UTF8&refRID=DZZQ0WXHAPWW873R51AE
190,Medical eBooks,product-reviews,/product-reviews/B000OCXFWE/ref=zg_bs_157119011_cr_49?ie=UTF8&refRID=DZZQ0WXHAPWW873R51AE
191,Medical eBooks,Great-Influenza-Deadliest-Pandemic-History-ebook,/Great-Influenza-Deadliest-Pandemic-History-ebook/dp/B000OCXFWE/ref=zg_bs_157119011_49?_encoding=UTF8&psc=1&refRID=DZZQ0WXHAPWW873R51AE
192,Medical eBooks,Case-Against-Reality-Evolution-Truth-ebook,/Case-Against-Reality-Evolution-Truth-ebook/dp/B07JR1FDXH/ref=zg_bs_157119011_50?_encoding=UTF8&psc=1&refRID=DZZQ0WXHAPWW873R51AE
193,Medical eBooks,product-reviews,/product-reviews/B07JR1FDXH/ref=zg_bs_157119011_cr_50?ie=UTF8&refRID=DZZQ0WXHAPWW873R51AE
194,Medical eBooks,product-reviews,/product-reviews/B07JR1FDXH/ref=zg_bs_157119011_cr_50?ie=UTF8&refRID=DZZQ0WXHAPWW873R51AE
195,Medical eBooks,Case-Against-Reality-Evolution-Truth-ebook,/Case-Against-Reality-Evolution-Truth-ebook/dp/B07JR1FDXH/ref=zg_bs_157119011_50?_encoding=UTF8&psc=1&refRID=DZZQ0WXHAPWW873R51AE
